1,2,3,4,5,6,7,8,9,10,11,12,13,14,15,16,17,18,19,20,21,22,23,24,25,26,27,28,29,30,31,32,33,34,35,36,37,38,39,40,41,42,43
188,90.6,53.23,24.4,22.37,61.49,726.09,3.2,89.22,2.32,7.3,1.84,5.98,0.2763,2.5269,55.0111,111.2135,397.2652,24.9949,24.8372,0.3496,22.3328,29.0429,335411.9,489.0949,-1.6264,0.05,70.4098,4.9705,0.007,233.3108,39063124.5,35.8212,8.7781,0.1101,11.8764,2.405,56.247,-1.3023,-1.6016,142.4261,93.428,0.6688
169,90.5,52.3,26.4,21.3,61.88,731.3,3.2,89.32,2.37,7.34,0.55,4.38,0.2771,2.5274,54.9962,110.5248,398.996,24.9453,27.4331,0.3497,25.1856,29.2809,335411.9,478.3974,-1.5193,0.0499,69.4311,4.968,0.0073,242.3692,38810581.5,35.0052,8.9514,0.11,11.4191,2.4051,56.9173,-1.2925,-1.503,142.4261,94.4203,0.7551
177,90.7,52.3,26.31,21.39,61.72,729.61,3.2,89.32,2.43,7.27,1.89,5.82,0.277,2.5289,55.0219,111.5751,402.3946,24.9439,25.3446,0.3501,22.6674,29.0282,335411.9,507.2543,-1.5001,0.05,69.5595,4.9433,0.0074,233.0769,38693812,32.8114,6.9017,0.1096,11.5726,2.406,56.2983,-1.294,-1.4739,142.4261,94.7296,0.7996
159,90.4,52.3,26.1,21.6,61.33,725.4,3.2,89.02,3.08,7.35,0.98,4.67,0.2772,2.5306,55.0417,111.3883,398.3698,30.0194,26.2201,0.3499,22.8449,29.3194,335411.9,495.9966,-1.3363,0.05,69.4595,4.9783,0.0072,238.3499,38410862.5,35.0016,9.1223,0.1097,11.7341,2.4047,61.0018,-1.3023,-1.3191,142.4261,96.8803,0.8931
173,89.6,52.24,26.67,21.09,61.33,725.43,3.2,88.32,2.45,6.58,0.83,4.52,0.2773,2.5309,55.0268,111.533,398.891,30.0231,25.9027,0.3497,22.6086,28.8719,335411.9,498.0235,-1.4223,0.05,71.1937,4.9622,0.0071,236.5762,38283000,34.4444,8.9248,0.1101,11.6739,2.4054,59.8789,-1.2958,-1.4095,142.4261,97.9912,0.8218
163,91,52.1,28.1,19.8,61.34,725.5,3.2,89.59,2.31,6.32,0.88,4.81,0.2766,2.5131,54.964,109.4757,400.5132,30.05,25.3351,0.3499,21.8376,28.9829,335411.9,494.2415,-1.4657,0.05,74.4893,4.9842,0.0068,233.1212,37948102,34.7904,11.0879,0.1101,12.1418,2.3863,63.2467,-1.3052,-1.4379,142.4261,97.6732,0.7781
209,90.4,51.36,28.41,20.23,61.34,725.5,4.6,89.2,2.38,6.42,0.66,4.86,0.2774,2.5124,54.9974,109.5812,398.5052,30.0957,25.1105,0.3498,22.7267,28.9865,335411.9,502.0849,-1.4502,0.0499,74.8782,4.959,0.0074,236.9148,37811191.5,34.3276,9.9036,0.1101,11.851,2.3856,59.9661,-1.3043,-1.4246,142.4261,97.7864,0.7842
195,90.5,49.5,29.2,21.3,61.34,725.5,6.6,89.2,3,7.81,0.83,4.68,0.2769,2.5126,55.0201,109.0069,395.5427,30.0985,29.3377,0.3498,23.0714,29.2242,335411.9,491.6087,-1.333,0.0501,74.1666,4.9341,0.0073,249.067,37497132.5,37.6474,11.2507,0.1098,11.3308,2.3843,65.0595,-1.2974,-1.3045,142.4261,99.9283,0.914
165,90.4,49.86,29.07,21.07,61.34,725.44,3.2,89.3,2.32,6.72,0.93,4.97,0.2777,2.5134,55.0006,109.9748,393.6172,30.016,23.9026,0.3502,19.5402,27.5827,335411.9,486.772,-1.5163,0.05,73.1586,4.9419,0.007,236.4778,37438622.5,36.0272,9.7158,0.1103,11.278,2.3863,61.5819,-1.3062,-1.4745,142.4261,98.9448,0.7482
159,90.2,50.21,28.94,20.84,61.33,725.39,3.2,88.8,2.32,6.72,0.95,4.76,0.2773,2.5132,54.9387,109.3367,394.2145,30.0105,25.0351,0.3503,17.227,28.7731,335411.9,495.638,-1.3946,0.05,73.9515,4.979,0.0074,228.4492,37375561,35.88,11.1493,0.11,11.6864,2.3847,63.3385,-1.2964,-1.3846,142.4261,99.1843,0.8402
85,90.2,52,28.3,19.7,61.32,725.1,3.2,88.9,1.99,6.16,0.56,4.55,0.2888,2.4944,54.9999,106.5064,399.2801,30.0438,22.2871,0.35,16.6556,28.7173,335411.9,491.9658,-1.3288,0.05,74.3379,4.8836,0.0081,229.966,37045177.5,35.2843,10.3112,0.1102,9.2661,2.3641,41.1306,-1.3138,-1.3336,142.4261,100.8192,0.8697
117,90.2,53,28.12,18.88,61.26,723.52,3.2,88.9,2.01,5.38,0.62,4.03,0.289,2.4951,54.9492,105.8954,397.147,29.9581,23.2618,0.3499,16.6043,28.6855,335411.9,505.2442,-1.3011,0.0574,69.3597,4.9268,0.0082,231.3315,36915420,35.5993,10.1557,0.11,9.4416,2.3652,41.6584,-1.3175,-1.2398,142.4261,100.2849,0.9664
103,89.2,55.5,27.68,16.82,61.09,719.58,6.3,87.7,1.74,7.56,0.81,5.24,0.2887,2.492,54.9569,107.3517,417.8769,40.049,27.3357,0.35,20.3848,26.3827,335411.9,466.3141,-1.1952,0.05,74.6876,4.9665,0.0076,242.7467,36599601,34.9972,13.5467,0.11,9.1072,2.3638,41.1995,-1.3064,-1.1698,142.4261,99.8135,1.0601
83,86.8,56.5,27.5,16,61.03,718,3.2,85.4,2.06,6.32,0.97,5.65,0.289,2.4909,55.0186,105.0665,420.0646,40.0811,27.1721,0.3498,16.5621,26.9236,335411.9,498.8355,-1.226,0.05,73.8207,4.9194,0.0077,226.2276,36476511,34.7634,10.1706,0.1097,9.4802,2.3646,41.8842,-1.3106,-1.2059,142.4261,97.2929,0.9783
121,87.8,55.7,27.2,17.1,61,715.1,3.2,86.1,2.03,7.22,0.55,4.32,0.2889,2.4858,55.0528,107.4318,424.0715,39.9202,23.4481,0.35,14.1212,27.5052,335411.9,501.9704,-1.4686,0.058,69.6732,4.9589,0.0086,219.3872,36068044,35.1311,9.7521,0.1097,9.8267,2.3661,42.2199,-1.2998,-1.4451,142.4261,92.1547,0.7861
115,88.4,56.56,26.29,17.16,61.01,716.3,3.2,86.7,2.06,7.28,0.5,3.98,0.2886,2.4876,54.9483,107.0769,422.2704,39.9413,23.0541,0.3499,15.1006,27.3421,335411.9,498.2189,-1.5078,0.05,69.3096,4.9278,0.0083,221.8455,35816125.5,35.0154,10.6397,0.1099,9.757,2.366,44.3272,-1.3092,-1.4751,142.4261,93.0901,0.7431
77,87.2,57.2,25.6,17.2,61.02,717.2,4.4,86.1,1.74,7.52,0.73,4.93,0.2881,2.4859,54.9735,106.9019,422.4048,40.0132,23.4542,0.35,14.2979,27.562,335411.9,490.9173,-1.4141,0.05,68.2054,4.9575,0.0085,220.1612,35617321.5,34.959,11.6619,0.11,9.6594,2.365,42.6248,-1.3013,-1.3845,142.4261,92.6468,0.7875
108,88,56.34,23.83,19.83,61.19,719.6,3.2,86.49,1.76,7.46,0.75,5.1,0.2924,2.5011,55.0006,106.8136,422.6477,39.9848,20.7159,0.35,15.9095,27.3479,335411.9,490.8852,-1.3273,0.05,66.2261,4.9313,0.0089,227.6492,35343544,34.4814,11.3778,0.1101,9.9279,2.3815,41.6029,-1.3017,-1.2982,142.4261,90.8442,0.8959
98.2,88.2,55.91,22.94,21.14,61.28,720.8,3.2,87.09,1.76,7.67,0.82,5.7,0.2802,2.5278,55.0549,112.4636,424.6039,40.0218,25.1807,0.3498,18.6192,27.6734,335411.9,493.6233,-1.4767,0.05,68.2602,4.9541,0.008,234.6001,35221922.5,35.8873,12.4535,0.1099,9.4262,2.409,42.9531,-1.3026,-1.4476,142.4261,90.0633,0.7896
117,88.8,55.7,22.5,21.8,61.32,721.4,3.2,87.59,1.64,7.18,0.71,4.96,0.2693,2.5719,54.9985,118.5779,424.5219,40.0375,23.7414,0.3497,15.5292,27.3695,335411.9,491.6819,-1.3231,0.05,69.5618,5.0428,0.0081,229.2437,35154110.5,35.5574,12.8816,0.1098,9.8637,2.4544,43.0228,-1.3147,-1.2953,142.4261,88.5015,1.0127
111,88.1,56.41,23.14,20.44,62.1,722.26,3.2,86.59,1.67,6.75,0.53,4.11,0.2739,2.5708,55.0529,118.6544,424.2113,40.0788,26.268,0.3496,19.1365,27.9494,335411.9,484.623,-1.4024,0.05,69.6195,5.0659,0.0078,233.0633,34807983,33.4084,20.834,0.109,9.5478,2.4524,41.2963,-1.2983,-1.3905,142.4261,89.1015,0.9135
57,88.2,56.7,23.4,19.9,62.41,722.6,3.2,87.19,1.71,6.83,0.58,4.48,0.278,2.5748,54.9575,121.7795,423.8136,40.1294,25.3402,0.3488,15.531,28.2718,335411.9,500.9081,-0.3233,0.0499,70.4101,5.0462,0.008,217.9855,34678032.5,34.1246,5.9527,0.1091,9.955,2.4676,42.0934,-1.3142,-0.3246,142.4261,86.1546,1.9798
148,89.6,56.59,21.51,21.9,62.41,722.6,3.2,87.99,1.66,6.99,0.57,4.6,0.2788,2.579,55.02,119.8853,428.7358,40.0025,26.5155,0.3501,19.7355,27.5829,335411.9,497.1581,-1.1372,0.05,84.584,5.011,0.0081,218.5063,34407167.5,36.7041,11.0175,0.11,11.6759,2.464,59.6394,-1.3079,-1.1128,142.4261,85.7012,1.2075
131,89,56.5,20.1,23.4,62.41,722.6,3.2,87.59,1.63,6.73,0.54,4.04,0.2784,2.578,55.0044,120.6016,431.1769,39.9415,22.1808,0.3501,17.5991,27.6094,335411.9,499.945,-1.1925,0.05,81.7009,5.0263,0.0089,210.6144,34199259.5,32.7082,10.4314,0.11,11.1419,2.4638,53.7062,-1.3181,-1.1727,142.4261,85.6385,1.1304
222,89.3,55.13,22.56,22.31,63.66,723.74,3.2,87.89,1.62,6.95,0.54,3.93,0.2786,2.5765,55.0404,120.745,490.4369,40.0098,23.6642,0.3501,15.7233,26.5951,335411.9,503.7805,-1.1917,0.05,128.0687,5.0711,0.0086,204.6,33912314.5,37.1212,12.8004,0.1101,11.1693,2.4614,56.2154,-1.328,-1.1792,142.4261,85.8383,1.1372
125,89.2,54.1,24.4,21.5,64.59,724.6,3.2,87.69,1.01,6.94,0.48,4.16,0.2764,2.5784,55.0601,122.38,490.5818,45.1573,22.7595,0.3503,16.8705,27.2134,335411.9,497.8999,-1.1732,0.05,128.1735,4.9744,0.0085,207.5207,33695766.5,37.0127,14.0412,0.11,11.4799,2.4631,56.5209,-1.333,-1.1555,142.4261,85.2991,1.1488
156,88.7,55.19,21.09,23.73,64.59,724.6,3.2,87.29,1.63,6.55,0.41,3.75,0.2762,2.5789,55.0459,121.9614,493.3509,45.0237,24.3392,0.3502,18.5652,26.0938,335411.9,490.7326,-1.1196,0.05,128.0652,4.9556,0.0074,216.2487,33411452.5,37.2343,13.5559,0.1098,10.8085,2.4637,56.4446,-1.3171,-1.1051,142.4261,85.3607,1.1943
170,89,56,18.6,25.4,64.59,724.6,3.2,87.89,1.68,7.31,0.55,3.89,0.2758,2.5792,55.0304,120.3052,493.1984,44.9724,31.5581,0.3498,25.2521,27.2199,335411.9,496.4118,-1.1387,0.05,128.1889,4.9427,0.0073,231.3831,33193829.5,35.8132,12.8542,0.1103,11.1135,2.4636,59.7673,-1.3025,-1.118,142.4261,86.8352,1.186
206,89.7,55.81,19.51,24.68,65.21,724.68,3.2,88.29,1.79,8.67,0.65,5.2,0.2762,2.5795,55.0103,122.3501,496.1967,44.8716,23.8834,0.3503,17.9387,26.8223,335411.9,494.7253,-1.0891,0.05,128.1967,4.9317,0.0073,206.9452,32912428,37.0602,11.6032,0.1102,10.8882,2.4631,58.3729,-1.3055,-1.0637,142.4261,86.8789,1.2271
185,89.2,55.67,20.2,24.13,65.68,724.73,3.2,87.99,1.74,8.08,0.57,4.9,0.2744,2.5824,55.0412,123.429,496.5326,44.7826,20.3163,0.3498,13.3285,27.3015,335411.9,485.6593,-1.1741,0.0499,128.0831,4.9149,0.0077,193.0319,32703051,37.6458,15.161,0.1099,11.5398,2.4681,59.0326,-1.2979,-1.1602,142.4261,84.9053,1.1511
172,89.1,55.48,21.11,23.41,66.31,724.81,3.2,87.39,1.73,7.98,0.52,4.67,0.2765,2.58,54.9984,123.0886,493.9978,44.9866,27.8178,0.3501,20.5712,27.25,335411.9,495.4273,-1.2508,0.05,128.1297,5.0382,0.007,214.036,32421584.5,37.3719,15.2282,0.1101,11.0325,2.4638,59.7804,-1.307,-1.2272,142.4261,86.1772,1.0655
133,88.5,55.33,21.8,22.87,66.78,724.87,3.2,87.09,1.8,7.64,0.58,5.14,0.2741,2.5612,55.0492,124.8777,493.6799,44.8961,23.9656,0.3502,19.435,27.3808,335411.9,492.094,-1.1181,0.05,127.479,4.9421,0.0073,207.266,32221687,35.8967,11.2227,0.1098,11.3348,2.4428,57.0619,-1.3024,-1.1133,142.4261,87.37,1.1706
189,88.4,55.14,22.71,22.14,67.4,724.94,3.2,87.29,2.05,8.34,1.91,7.64,0.2734,2.5626,54.9752,124.4658,494.0249,45.061,21.851,0.3502,14.2355,27.3349,335411.9,503.0143,-1.2803,0.05,127.6991,4.8957,0.0094,196.5711,31952889,35.0011,12.8336,0.1098,11.3676,2.4451,58.1641,-1.3074,-1.2532,142.4261,87.0179,1.0343
144,88.1,55,23.4,21.6,67.87,725,3.2,87.19,1.75,7.81,0.61,4.91,0.2734,2.5651,55.0186,125.3819,492.9824,44.8525,24.0698,0.3502,15.6831,26.9204,335411.9,497.6954,-1.2226,0.05,127.8271,4.8819,0.0082,195.5883,31752907,35.1132,12.9673,0.1102,11.334,2.4464,59.0314,-1.3185,-1.1899,142.4261,87.5392,1.0941
210,88.7,54.51,24.03,21.46,66.62,724.77,4.8,87.59,2,7.2,0.93,5.02,0.2738,2.563,55.0356,126.1386,493.5273,44.9276,22.7004,0.3498,13.738,27.2292,335411.9,501.0272,-1.2662,0.05,127.607,4.9568,0.0102,184.3989,31495685.5,35.175,11.8544,0.1099,11.6313,2.4446,60.01,-1.3144,-1.2396,142.4261,87.6072,1.0344
137,87.5,54.15,24.5,21.35,65.68,724.6,3.2,86.09,1.81,7.75,0.57,4.94,0.2723,2.5623,55.0039,127.3864,491.1263,44.8375,20.0024,0.3501,13.8966,27.2361,335411.9,491.6957,-1.2838,0.05,127.9462,4.9736,0.0103,183.8026,31302926,34.9366,13.4369,0.11,11.8249,2.444,60.2556,-1.3112,-1.2507,142.4261,87.3038,1.0247
168,89.4,53.66,25.13,21.21,64.43,724.37,3.2,88.09,1.73,8.34,0.75,5.12,0.2727,2.5624,54.9423,128.2735,491.0969,44.9814,24.2149,0.3503,15.7876,26.0741,335411.9,491.9582,-1.2687,0.05,128.0835,4.9329,0.008,190.7897,31054287,36.2831,12.2144,0.1103,11.3172,2.4431,61.4447,-1.2976,-1.2446,142.4261,89.2625,1.0533
154,89.1,53.3,25.6,21.1,63.49,724.2,3.2,87.79,2.23,8.61,0.86,5.61,0.2842,2.5638,54.9508,129.4989,489.9533,45.0858,22.4618,0.35,15.1458,27.243,335411.9,494.7527,-0.5729,0.05,127.5352,4.9374,0.0083,182.913,30868029,35.1889,14.9776,0.1097,11.88,2.4487,60.7934,-1.306,-0.5585,142.4261,85.7845,1.7323
230,89.5,53.6,26,20.4,63.49,724.2,3.2,88.26,1.72,6.33,0.59,4,0.2815,2.6026,55.5872,126.72,510.1024,45.1589,21.2487,0.35,15.1235,27.355,335411.9,492.9045,-1.3397,0.05,129.8578,4.9084,0.0087,169.0157,30396380,34.766,12.2301,0.1094,11.8419,2.4843,61.4597,-1.3054,-1.3136,142.4261,87.3287,0.9887
236,89.7,51.31,27.14,21.54,61.77,725.89,3.2,88.26,1.88,6.45,0.97,5.43,0.2817,2.6015,55.6073,128.7605,489.4003,45.1528,22.1947,0.3501,16.525,27.3403,335411.9,500.7708,-1.2843,0.05,129.7054,4.9787,0.0078,168.5031,30123677,35.4174,12.9228,0.1098,11.8987,2.4834,62.5239,-1.2993,-1.255,142.4261,87.0511,1.059
236,89.2,49.6,28,22.4,60.49,727.15,3.2,87.66,1.79,6.46,0.93,4.96,0.2936,2.6011,55.0448,130.4805,494.1567,45.1405,25.9107,0.3502,24.6302,27.568,335411.9,489.2766,-1.3647,0.05,133.1577,4.9228,0.0081,193.9528,29912048,34.5275,13.0056,0.1102,11.6617,2.4834,60.9362,-1.2923,-1.3374,142.4261,87.7077,0.9851
204,89.8,50.34,29.14,20.51,58.77,728.84,7.4,88.58,1.92,9.13,1.01,6.26,0.2851,2.5411,46.0849,135.2826,485.9584,45.0991,24.7123,0.3503,19.1842,26.9968,335411.9,508.602,-1.1807,0.05,125.8907,4.9283,0.0078,158.0684,29648284.5,34.9203,11.5968,0.1099,11.8555,2.4253,59.3458,-1.2909,-1.1619,142.4261,85.2263,1.1205
172,89.6,50.9,30,19.1,57.48,730.1,3.2,88.06,1.88,8.33,0.97,5.57,0.2924,2.5391,46.0013,130.5979,488.9052,44.7335,13.8937,0.35,25.547,26.9173,335411.9,512.8465,-0.6708,0.05,128.7804,4.9696,0.0115,106.3749,29475178,33.2625,19.9829,0.1098,11.8677,2.4279,55.403,-1.3232,-0.6654,141.8801,81.2404,1.5978
179,89.5,52.33,29.09,18.59,58.42,729.53,3.2,88.1,1.74,8.79,1.43,6.44,0.2852,2.5401,46.0231,135.71,500.6887,45.072,18.093,0.3503,9.9592,26.9468,335411.9,494.7131,-1.2392,0.05,125.4708,4.9727,0.0123,99.4993,29269478.5,34.8072,11.3769,0.1098,12.0087,2.4232,58.1636,-1.3232,-1.218,138.495,85.3529,1.0291
275,89.7,53.4,28.4,18.2,59.13,729.1,7.6,88.5,2.92,9.43,1.03,5.34,0.281,2.5358,54.9593,135.3007,497.4127,45.1065,21.865,0.3503,14.1494,26.0024,335411.9,483.2433,-1.4787,0.05,126.99,4.9108,0.0087,112.2241,29102376.5,34.9073,11.5998,0.11,11.4054,2.4207,59.5608,-1.296,-1.4548,140.1735,84.4462,0.8238
216,89.5,53.34,27.89,18.77,59.13,729.1,8.4,88.3,2.52,8.61,1.09,5.92,0.2801,2.5309,53.8948,135.077,494.5678,44.9961,21.0082,0.3497,11.135,26.9116,335411.9,492.3764,-1.5672,0.05,126.6322,4.9655,0.0115,43.8115,28881570.5,35.4742,6.9647,0.1102,11.3999,2.4205,57.3972,-1.2938,-1.5333,140.037,80.8556,0.7385
286,89.6,53.3,27.5,19.2,59.13,729.1,3.8,88.3,1.73,8.75,1.49,6.13,0.2875,2.534,55.0063,135.9959,491.9302,45.0782,25.8311,0.3499,20.0051,27.704,335411.9,499.42,-0.6515,0.05,125.9835,4.9837,0.0084,101.552,28702256.5,34.5891,16.5666,0.1099,11.747,2.4265,58.963,-1.3036,-0.6507,138.1043,80.3941,1.6187
209,90,54.16,25.96,19.89,59.13,729.1,8.6,88.8,2.08,9.04,1.5,6.23,0.2853,2.5365,55.0081,136.4058,487.7607,44.9767,23.9612,0.3505,14.0697,27.5661,335411.9,492.2466,-0.8412,0.05,127.0306,4.9601,0.0082,0,28481974,36.773,20.5076,0.1107,11.6245,2.4261,58.1957,-1.3025,-0.8309,139.3036,80.7267,1.4262
264,90.2,54.8,24.8,20.4,59.13,729.1,7,89.1,1.84,8.97,1.06,6.4,0.2823,2.5357,55.0086,136.1799,481.7706,44.9274,23.1131,0.35,15.3977,27.0706,335411.9,505.3419,-1.5085,0.05,115.5502,4.957,0.0083,0,28329955,34.9648,8.3542,0.1099,12.004,2.4213,58.9476,-1.2991,-1.482,136.3403,84.7573,0.7775
132,89.6,57.44,22.29,20.27,57.88,727.33,4.2,88.6,1.98,9.26,0.87,6.12,0.2822,2.5384,54.9849,135.6263,479.3869,44.7943,16.4687,0.3502,12.1246,26.9048,335411.9,492.4359,-1.4566,0.05,118.6398,4.8953,0.0098,35.7042,28132773.5,34.9012,7.8032,0.1099,12.0464,2.4258,60.1577,-1.3157,-1.4351,137.4205,82.5338,0.8316
221,89.6,59.5,20.4,20.1,56.94,726,4.8,88.42,3.45,9.41,1.41,6.67,0.2711,2.54,54.9643,136.1779,480.7219,44.7846,16.6353,0.3499,11.6411,27.1927,335411.9,504.0674,-1.5168,0.05,119.9124,4.94,0.0125,582.5003,27989375,34.7304,9.1787,0.11,12.2726,2.4258,58.3696,-1.3193,-1.4919,137.1497,82.5096,0.7768
126,90.1,58.53,20.17,21.3,56.94,726,3.2,88.7,1.67,7.92,0.7,5.41,0.2708,2.5328,55.0138,135.0679,419.9532,42.8397,19.5603,0.3502,13.2325,25.7275,335411.9,498.2784,-1.4478,0.05,77.953,4.979,0.0139,1311.5617,27755370.5,34.1564,9.5168,0.1102,11.4408,2.4241,59.9465,-1.2974,-1.4151,140.4106,79.9683,0.8434
199,90.2,57.8,20,22.2,56.94,726,3.2,89,3.13,9.76,1.15,5.51,0.2665,2.5403,55.0191,135.2763,426.4459,42.9986,18.668,0.3499,12.4688,27.4336,335411.9,503.8858,-1.5071,0.05,77.2027,4.9497,0.014,231.6072,27603723,33.6995,8.2514,0.1099,12.3165,2.4317,60.2159,-1.3062,-1.4784,138.7017,79.3998,0.784
144,90.1,58.6,19.31,22.09,57.56,725.71,3.2,88.9,2.78,9.13,1.08,5.71,0.2661,2.5415,55.0072,136.1129,423.2304,43.1555,26.3524,0.3501,19.2341,26.9637,335411.9,496.9322,-1.4887,0.05,78.6683,4.9216,0.0098,218.0099,27357667,37.5488,7.1442,0.11,11.7659,2.4314,64.6829,-1.2852,-1.4602,139.6085,81.0489,0.8073
101,89.8,59.2,18.8,22,58.02,725.5,3.2,88.6,3.2,9.97,0.82,6.07,0.2664,2.5414,55.0272,136.2795,424.0181,42.9332,17.5373,0.3498,12.1759,27.2817,335411.9,506.3202,-1.4871,0.05,77.946,4.9837,0.0138,207.8119,27180075,37.2687,9.4563,0.1101,12.3169,2.4319,60.5008,-1.3139,-1.4518,139.3126,79.4905,0.8025
169,89.6,60.91,17.37,21.71,58.02,725.5,3.2,88.2,2.53,9.01,0.77,5.97,0.2655,2.5441,55.0021,135.4514,422.7791,42.9793,25.8555,0.35,17.8809,27.2771,335411.9,502.3504,-1.4137,0.05,84.2704,4.986,0.01,194.2147,26996853,36.207,9.2792,0.11,12.9089,2.4347,67.2107,-1.3136,-1.3683,139.7444,80.6039,0.9037
241,89.4,62.2,16.3,21.5,58.02,725.5,3.2,88.3,1.64,8.66,0.65,5.6,0.2661,2.5457,54.979,136.4978,414.4223,43.013,26.0675,0.3499,19.988,26.5417,335411.9,501.4469,-1.4874,0.05,83.9862,4.9165,0.0094,184.0167,26857340.5,36.5488,9.9088,0.1101,12.9621,2.4351,64.3811,-1.3186,-1.4679,138.6768,81.6921,0.8195
244,88.7,62.89,16.07,21.04,58.65,727.04,3.8,87.45,1.57,8.58,0.61,5.67,0.2799,2.5315,55.03,137.7347,416.0389,43.1285,22.1813,0.3497,17.9791,26.3017,335411.9,485.989,-0.9941,0.05,83.9072,4.986,0.0092,170.4194,26669124.5,35.9915,12.9173,0.1097,12.7838,2.4186,64.0267,-1.316,-0.9803,138.7569,79.977,1.2766
263,89.4,63.4,15.9,20.7,59.12,728.2,3.2,87.65,1.78,8.31,0.69,5.84,0.2888,2.5015,55.0212,127.2315,415.0851,43.0659,22.9242,0.3504,18.3278,26.9097,335411.9,491.9124,-1.0692,0.05,83.4228,4.9842,0.0095,160.2215,26531502.5,34.5701,12.0331,0.1099,12.894,2.387,69.2625,-1.302,-1.0572,139.8699,81.366,1.1742
225,89.2,62.37,16.64,20.99,59.12,728.2,3.2,88.02,2.45,9.16,1.06,5.63,0.2879,2.5028,54.9859,124.6616,414.1534,42.9627,26.054,0.3499,21.0436,27.7628,335411.9,495.7708,-1.1649,0.05,82.8641,4.9652,0.0085,146.6242,26375039,35.6727,12.238,0.11,12.6966,2.3881,66.469,-1.2987,-1.1429,139.4113,81.6712,1.058
245,89.7,61.6,17.2,21.2,59.12,728.2,3.2,88.02,2.55,9.35,0.75,6.06,0.306,2.5043,55.0159,125.3537,416.1795,43.0268,24.5641,0.3499,19.5935,27.2354,335411.9,495.7708,-1.1243,0.0501,81.988,4.9913,0.0092,136.4262,26255005,34.7867,13.6628,0.11,12.6001,2.3891,66.577,-1.3077,-1.1044,142.6558,81.8997,1.1226
239,89,59.94,18.11,21.94,51.93,726.71,5.8,87.22,2.68,9.62,0.93,6.51,0.3061,2.5037,54.9555,124.1869,424.3341,43.1786,26.8324,0.3498,21.5476,27.951,335411.9,495.3587,-1.1399,0.05,83.1033,4.9416,0.1138,170.571,26089063.5,35.9412,12.0936,0.1101,10.9656,2.3883,66.7619,-1.2973,-1.1245,142.7201,82.3836,1.1149
239,89.1,58.7,18.8,22.5,46.53,725.6,3.2,87.52,1.71,9.05,0.97,6.47,0.307,2.4843,55.028,123.3822,428.9315,43.0692,26.5932,0.3501,21.2859,27.4899,335411.9,491.7033,-1.0323,0.05,82.5783,4.9245,0.1136,166.906,25970750.5,35.7524,11.0217,0.1099,11.3503,2.3703,68.3212,-1.2915,-1.0117,142.5121,81.7082,1.1836
172,88.8,58.81,19.37,21.81,46.53,730.4,3.2,87.22,1.64,8.4,0.71,5.42,0.2658,2.5418,54.9924,137.8518,425.3125,43.1052,26.2875,0.3502,89.9703,27.1096,335411.9,495.3251,-1.3878,0.05,84.7568,4.9843,0.1137,0,25804989,36.3033,7.8711,0.1101,10.6068,2.4296,64.9122,-1.3043,-1.366,142.8031,81.0085,0.9195
182,88.3,58.9,19.8,21.3,61.3,729.5,3.2,87.22,2.77,9.78,1.35,7.14,0.2656,2.5437,54.9953,137.8788,426.9994,43.0437,23.7016,0.3501,19.9862,26.9639,335411.9,493.5592,-1.4461,0.05,84.5711,4.9905,0.1141,0,25678307.5,34.8543,8.8818,0.11,10.9669,2.432,64.3216,-1.3002,-1.4219,142.7208,80.8967,0.8379
156,88.7,58.39,20.31,21.3,62.24,730.47,3.2,87.42,2.1,9.46,1.32,7.1,0.282,2.5437,54.9794,138.3448,427.5577,43.0555,31.8227,0.3501,25.8103,27.0341,335411.9,497.5641,-1.5611,0.05,84.8458,4.9791,0.1173,0,25520678,37.1633,8.9184,0.1103,10.4161,2.432,59.7759,-1.289,-1.5306,141.8963,81.226,0.7388
137,89,58,20.7,21.3,62.95,731.2,3.2,87.72,3.52,10.62,1.57,7.47,0.2797,2.5477,55.291,140.6593,428.9047,42.6355,26.8737,0.3495,22.1661,25.8683,335411.9,495.2201,-1.8604,0.0501,84.4526,4.9949,0.1152,0,25381036.5,35.0445,1.9313,0.1092,10.7175,2.4379,57.6767,-1.3017,-1.8168,143.8085,80.2779,0.5314
129,88.5,58,20.7,21.3,63.77,728.15,3.2,87.12,5.55,8.06,3.12,5.47,0.2826,2.5461,55.02,138.9644,423.5804,42.785,31.1703,0.3502,26.8935,26.8089,335411.9,499.768,-1.4117,0.05,85.1879,4.9731,0.1169,0,25174181.5,37.1281,5.3942,0.1097,10.8803,2.4347,59.0228,-1.2868,-1.385,142.6357,80.6437,0.8646
139,88,58.5,21.2,20.3,64.59,725.1,3.2,86.42,2.52,9.82,1.23,6.62,0.2833,2.5444,55.0347,139.0789,423.9101,43.0539,29.513,0.3503,25.4931,27.237,335411.9,489.8337,-1.5019,0.05,85.6376,4.9786,0.1169,0,24973975.5,36.7492,9.4302,0.11,10.764,2.4321,58.7678,-1.2917,-1.4668,143.7818,81.1459,0.8184
195,88.7,57.3,22.7,20,64.59,728.05,3.2,86.92,2.66,9.92,1.16,6.3,0.2846,2.535,55.011,140.3797,425.9583,43.0814,30.2675,0.3499,25.4639,26.8412,335411.9,500.5769,-1.484,0.05,85.8211,4.9908,0.1169,9.1399,24817954.5,36.8798,7.1769,0.1096,7.308,2.4244,35.8806,-1.2923,-1.4745,146.0773,79.8752,0.7901
201,90.6,56.5,20.4,23.1,64.59,731,3.2,88.82,2.87,9.96,1.28,6.52,0.285,2.5432,54.9637,139.1805,424.9909,42.9226,28.7913,0.35,24.0662,27.2733,335411.9,500.6944,-1.4792,0.05,126.2089,4.9872,0.1167,0,24674705,36.7897,9.5563,0.1101,10.6245,2.4314,56.5967,-1.2996,-1.4539,143.0928,80.2677,0.845
252,90.8,57.67,19.07,23.27,63.25,729.33,3.2,89.32,2.86,9.82,1.46,6.86,0.2859,2.5431,54.9854,138.8657,425.8828,42.9631,29.0467,0.3486,24.3391,26.8616,335411.9,492.6633,-1.6396,0.05,126.3779,4.9806,0.1177,0,24483494,37.162,5.3581,0.1094,10.6647,2.4328,56.4202,-1.2975,-1.6057,143.204,79.4251,0.685
183,89.3,58.69,16.09,25.22,61.47,728.04,3.2,87.9,3.13,9.56,1.46,7.13,0.363,2.4017,54.9972,112.8707,476.881,43.0848,30.8133,0.3501,27.4704,26.1892,335411.9,497.6068,-0.812,0.05,123.3906,4.8935,0.1183,159.0719,24154530,37.1446,18.6512,0.1097,12.4294,2.288,62.4518,-1.2911,-0.8131,141.1584,81.6782,1.2996
169,88.3,59.2,14.6,26.2,60.58,727.4,3.2,87,2.76,9.25,1.42,6.67,0.3277,2.4282,55.0153,123.1636,528.4325,39.7506,32.736,0.35,28.2839,26.6516,335411.9,499.7604,-0.4815,0.05,125.2411,4.897,0.1172,264.6298,24032046.5,36.3029,17.0524,0.1098,12.0731,2.3163,60.0946,-1.2905,-0.4751,142.0088,80.4198,1.6705
185,88.4,59.9,15.5,24.6,62.23,724.8,3.2,87,2.52,8.86,1.67,7.1,0.3309,2.4247,55.0724,122.3832,514.8787,45.2284,32.6872,0.3498,27.964,26.2557,335411.9,492.8633,-0.9125,0.05,126.66,4.9482,0.1149,437.3342,23821796.5,37.0849,17.4511,0.1103,11.8746,2.3138,61.8414,-1.2904,-0.9083,143.5696,79.6307,1.2433
120,88.7,62.2,14.7,23.1,63.88,722.2,3.2,86.9,2.53,9.28,1.72,7.3,0.3043,2.5337,54.9796,137.8754,459.8854,45.0825,29.0105,0.3497,24.9046,27.2649,335411.9,492.967,-1.5849,0.05,125.8525,4.986,0.1159,510.9316,23697931,36.6247,9.6684,0.11,11.3913,2.4254,57.2045,-1.2943,-1.5587,142.3145,77.9375,0.69
227,90.1,57.9,19.7,22.4,63.88,728.8,3.2,88.62,2.4,9.37,1.93,7.23,0.3007,2.5364,54.8446,136.4518,435.9072,45.0132,29.2045,0.3502,24.0095,27.0663,335411.9,507.5733,-1.348,0.05,84.7629,4.9904,0.1171,589.1546,23448025,35.882,6.652,0.1103,11.8057,2.426,62.4899,-1.2949,-1.3229,143.4689,79.1178,0.9005
257.4,90.1,53.6,24.7,21.7,63.88,735.4,3.2,88.72,2.03,9.87,1.49,7.03,0.3004,2.5395,54.857,136.4081,438.142,45.074,35.7857,0.3501,32.8971,27.3448,335411.9,511.3599,-1.3971,0.05,86.0683,4.9819,0.1186,578.0544,23274225.5,37.5878,8.9982,0.1101,12.5162,2.4285,68.0538,-1.2879,-1.3795,142.1626,80.6803,0.936
214,89.9,53.4,24.95,21.65,62.23,731,4.7,88.22,2.02,9.77,1.69,7.46,0.3015,2.5408,54.8338,136.8007,430.8958,44.9656,33.4955,0.3502,30.7053,27.6418,335411.9,500.2121,-1.3598,0.05,85.9463,4.9279,0.1185,563.2541,23066807.5,37.6203,10.3162,0.1105,12.5512,2.4281,66.4533,-1.2991,-1.3444,142.4187,81.7398,0.9712
241,89.1,53.2,25.2,21.6,60.58,726.6,3.2,87.92,2.61,8.47,1.6,6.51,0.2947,2.493,54.8634,136.7844,434.5914,45.0153,31.8146,0.3501,28.705,26.2521,335411.9,498.4966,-1.3907,0.05,85.5313,4.9403,0.1188,552.1538,22908148,37.0864,9.5977,0.1102,12.6549,2.3817,65.953,-1.2944,-1.3677,142.7173,80.7394,0.8412
242,88,54.4,23.73,21.87,59.47,728.1,3.2,87.02,1.96,7.97,1.57,6.38,0.2965,2.4919,54.8436,136.5393,432.528,45.038,32.6265,0.35,29.2176,26.7766,335411.9,501.131,-1.4702,0.05,85.6505,4.9844,0.1188,537.3535,22692527,37.0746,8.4999,0.1096,12.137,2.3797,64.0005,-1.2886,-1.4437,142.8892,80.8558,0.7372
243,88.7,56.8,20.8,22.4,58.19,727.63,3.2,87.12,2.41,9.18,1.64,6.63,0.2947,2.4909,54.8223,136.846,429.264,45.0602,33.788,0.35,32.0711,27.1007,335411.9,491.7231,-1.4544,0.05,85.2613,4.9907,0.1184,527.1475,22544266.5,37.1291,9.7377,0.11,12.0901,2.3785,65.6925,-1.2927,-1.429,142.425,80.8757,0.7831
255,89.3,56.4,21.4,22.2,57.55,727.4,3.2,87.72,2.11,8.07,1.45,5.78,0.297,2.4889,54.8202,136.9418,431.8361,44.9854,33.3051,0.3496,32.1786,26.7666,335411.9,488.7118,-1.1987,0.0499,84.3996,4.9743,0.1196,511.453,22316864,36.6128,7.9314,0.11,12.1882,2.3784,66.635,-1.2975,-1.171,142.3848,80.4232,1.0427
249,87.6,56.2,22,21.8,57.83,723.7,3.2,85.82,1.8,8.25,1.33,6.55,0.2967,2.489,54.883,137.16,430.5821,44.018,33.2989,0.35,31.1383,27.6491,335411.9,498.6035,-1.3413,0.05,84.81,4.9257,0.1187,500.3528,22169414,36.0078,6.7177,0.1096,12.1905,2.3775,67.2819,-1.2911,-1.3329,141.9145,81.2113,0.9425
284,86.9,55.3,24.3,20.4,58.11,723.8,3.2,85.72,2.12,8.85,1.33,6.37,0.3008,2.4878,54.8081,137.8283,434.1907,44.6084,34.2612,0.35,32.2852,26.64,335411.9,500.7082,-1.3675,0.05,84.3958,4.9524,0.119,485.5524,21960879.5,35.9498,8.6545,0.1098,11.7059,2.3768,65.0512,-1.2918,-1.3426,141.6113,80.2696,0.8724
189,87.2,55.8,24.2,20,64.45,724.6,5.1,85.72,1.84,9.7,1.05,6.88,0.2976,2.4831,54.7809,137.9167,440.9716,44.1786,34.128,0.3497,32.7071,27.6666,335411.9,501.3584,-1.3826,0.05,85.0993,4.9693,0.1188,448.5517,21386838,35.6926,8.926,0.1101,8.3891,2.3724,43.7584,-1.2917,-1.3575,143.0434,80.3929,0.8606
310,90.6,52.9,24.5,22.6,70.5,734.4,7.7,89.62,2.02,9.92,1.24,6.36,0.2991,2.4855,54.8294,136.1946,432.4784,44.328,31.1859,0.3509,28.2325,27.8225,335411.9,495.783,-1.4628,0.05,84.7817,4.9923,0.117,422.6511,21012620,36.984,8.8844,0.1099,12.1139,2.3764,65.5465,-1.2967,-1.4401,143.6028,78.535,0.7825
269,90,53.45,24.2,21.8,54.47,729.45,3.5,88.82,2.11,9.6,1.28,7.8,0.2917,2.4864,54.8656,137.116,431.4337,44.2443,30.5506,0.35,26.921,27.4833,335411.9,502.2207,-1.3635,0.05,84.5588,4.9481,0.1165,407.8508,20817902.5,35.1706,8.9123,0.1101,11.8486,2.376,64.3153,-1.2939,-1.3486,142.7816,78.9856,0.8401
275.5,90.5,54,24.2,21.8,38.45,724.5,3.2,89.32,2.27,10.64,1.01,6.88,0.2965,2.4865,54.9759,136.6591,430.888,45.9293,29.803,0.35,27.0324,26.1815,335411.9,495.1312,-1.4464,0.05,83.0801,4.9913,0.1183,396.7506,20657095,35.2161,8.7344,0.1099,12.0877,2.3763,64.0268,-1.2978,-1.4251,143.8762,78.7579,0.8162
255,90.5,53.63,24.2,21.8,30.43,726.75,3.2,89.52,2.02,9.37,1.14,6.03,0.3009,2.4856,55.0001,136.6176,428.3873,45.3084,32.5351,0.3501,28.7823,27.089,335411.9,489.4765,-1.336,0.05,83.985,4.944,0.1181,393.2509,20605194,35.5185,8.7366,0.1102,11.8509,2.3756,65.6243,-1.292,-1.3126,143.3017,78.6805,0.9127
284,90.1,53.25,24.5,22.25,22.42,729,3.2,88.52,2.39,9.61,1.76,7.18,0.3027,2.4903,55.0069,136.33,427.9654,45.5072,33.5397,0.35,27.991,27.4817,335411.9,507.7289,-1.4249,0.05,84.0785,4.9683,0.1162,386.0203,20501823.5,36.3791,9.4082,0.11,12.3463,2.3783,66.5152,-1.2893,-1.4039,143.5022,80.4774,0.8478
248,90.4,52.88,24.65,22.48,14.4,731.25,3.4,89.32,2.39,9.61,1.76,7.18,0.2993,2.4864,55.0085,137.4098,430.7754,45.6373,30.2719,0.3499,26.8378,26.969,335411.9,489.3605,-1.3665,0.05,84.1082,4.9998,0.1176,381.9502,20440337.5,35.0022,9.4649,0.11,11.8527,2.3757,63.3196,-1.3019,-1.3521,144.1287,78.9103,0.8424
287,91.6,52.5,24.8,22.7,6.39,733.5,3.2,90.22,1.85,8.12,1.28,5.65,0.2955,2.4906,55.0171,136.8919,427.5293,46.1259,29.6819,0.3499,26.0372,27.0481,335411.9,506.8437,-1.1669,0.05,83.8581,4.9755,0.1176,370.85,20282561.5,33.2548,9.2928,0.11,12.2142,2.3783,63.4487,-1.2986,-1.1497,143.7259,79.7907,1.0993
279,91.5,50.45,26.3,23.25,21.46,728.2,6,90.2,1.87,8.7,1.35,6.06,0.2956,2.4866,54.9784,135.7944,424.6865,45.4578,30.7858,0.3497,26.9897,27.1541,335411.9,492.8907,-1.2732,0.05,83.8736,4.9913,0.117,356.0497,20079793.5,33.8433,10.6838,0.1096,12.1762,2.3791,64.2671,-1.292,-1.2628,143.7674,76.9265,0.9643
286.7,91.5,48.4,27.8,23.8,36.52,722.9,3.2,90.2,1.94,8.77,1.24,6.68,0.2984,2.4845,55.037,136.792,424.0995,46.1506,29.046,0.35,26.3017,27.2465,335411.9,496.9689,-1.4345,0.05,83.2598,4.9447,0.1173,344.9495,19928196,33.5845,9.2406,0.1102,11.9415,2.377,63.1699,-1.2969,-1.4058,143.8488,6.3406,0.7865
286.6,91.3,49.1,27.5,23.4,51.59,728.5,3.8,90.2,1.98,8.92,1.34,6.77,0.3006,2.4856,54.9774,136.0455,431.0305,46.0229,27.9146,0.3499,25.2625,27.0013,335411.9,495.3892,-1.4506,0.05,83.4414,4.9931,0.1168,330.1492,19722028.5,33.9525,7.8208,0.1096,11.9944,2.3768,64.2972,-1.2951,-1.4269,144.2843,29.1923,0.8122
286.6,91.5,49.8,27.2,23,66.65,734.1,3.2,90.3,1.78,8.59,1,5.99,0.2988,2.4851,55.0306,134.3125,416.7646,45.5422,29.1884,0.35,25.8316,26.6543,335411.9,503.8462,-1.3843,0.05,83.8851,4.9658,0.1159,323.674,19631429,34.2289,8.3566,0.1101,11.8235,2.376,64.1326,-1.2959,-1.3585,143.8623,39.1899,0.8394
275.4,91.3,48.4,29.7,21.9,66.65,734.1,3.2,90.1,1.74,8.55,0.92,6.19,0.2991,2.4835,55.0257,137.1212,418.2012,46.0987,25.3382,0.3498,25.6803,27.2828,335411.9,485.9875,-1.4195,0.05,82.7023,4.9518,0.119,319.0489,19566466.5,33.4405,9.7358,0.1101,11.114,2.3749,61.744,-1.3019,-1.3924,142.5922,46.331,0.8534
263.7,91.1,49.7,27.5,22.8,66.65,730.2,3.2,89.9,1.92,8.74,1.21,6.6,0.3014,2.4869,54.9738,136.9182,415.9004,46.0661,28.0656,0.3501,25.7022,25.8593,335411.9,499.4753,-1.4102,0.05,82.8767,5.005,0.1182,300.9417,19307642.38,33.2276,9.0342,0.1101,12.0754,2.3774,62.1899,-1.2957,-1.3847,142.7752,74.2886,0.8406
262.4,91,50.05,27.3,22.65,60.32,729.9,3.2,89.7,1.73,8.48,0.92,6.07,0.2976,2.487,55.0479,137.9882,432.8704,46.0363,27.9335,0.3501,26.1847,27.2059,335411.9,497.329,-1.4573,0.05,83.2151,4.9516,0.1185,278.3481,18978420,34.2027,11.5058,0.1098,11.7154,2.3774,62.3082,-1.3014,-1.4339,145.2003,76.4058,0.7843
259.4,91.7,50,27.3,22.7,53.98,733.5,3.9,89.92,1.97,8.42,1.58,6.04,0.2984,2.4886,54.9639,136.7853,425.4079,45.7499,31.0397,0.3499,25.5609,27.214,335411.9,505.4075,-1.3891,0.05,83.6811,4.9885,0.1165,267.4174,18827727,36.3103,9.3364,0.1102,12.0589,2.3782,63.5612,-1.2944,-1.3667,144.2525,76.4009,0.8428
259,91.6,49.3,27.6,23.1,53.98,731.4,3.2,90.42,2.19,8.61,0.94,6.6,0.2999,2.4846,54.9664,136.7274,414.8522,45.5048,25.9088,0.3501,23.0925,26.8609,335411.9,499.7039,-1.1782,0.05,85.9523,4.9647,0.1161,252.4475,18607849,35.2092,10.5277,0.1101,11.2905,2.3753,61.1278,-1.3048,-1.1559,143.4736,76.183,1.0628
258.7,91.4,48.6,27.9,23.5,53.98,729.3,3.2,90.12,2.26,8.54,1.18,6.57,0.2981,2.4857,55.0374,137.5051,398.3833,45.4826,25.8328,0.3504,21.5299,26.8365,335411.9,502.7045,-1.215,0.05,85.002,4.9462,0.116,241.3473,18437953.5,33.8272,12.3614,0.11,11.3307,2.3757,60.3333,-1.3112,-1.2166,144.8967,76.7025,1.0053
261.8,91.2,48.45,28.45,23.1,53.42,730.75,4.1,90.12,2.35,8.79,1.35,6.84,0.2841,2.4829,54.9922,137.4016,394.3174,45.8175,31.2064,0.3499,27.5481,27.1652,335411.9,500.1267,-1.4478,0.05,85.2869,4.9724,0.1178,548.1485,18239507.5,35.6239,10.077,0.11,10.9627,2.3727,63.2838,-1.3009,-1.4357,144.5992,77.311,0.7909
264.8,91.2,48.3,29,22.7,52.86,732.2,3.8,89.82,1.87,9.27,1.09,7.03,0.2885,2.484,55.0629,137.573,395.1527,45.512,27.3292,0.35,22.2195,26.8675,335411.9,505.2427,-1.141,0.05,85.2875,4.902,0.1162,504.559,18093377.5,34.5812,10.1493,0.1101,11.2389,2.3738,62.022,-1.3059,-1.1276,144.5244,76.9794,1.0819
260.9,91,48.8,28.6,22.6,52.29,729.55,3.2,89.72,1.98,8.36,0.97,6.27,0.2947,2.484,54.9651,135.8208,393.8373,46.0421,28.5961,0.3498,23.677,27.1541,335411.9,496.6316,-1.4066,0.05,85.3253,4.9043,0.1131,446.4398,17910157.5,34.7589,10.2501,0.1102,11.4581,2.3748,65.2236,-1.2956,-1.3815,143.3718,76.7715,0.8572
257,91.2,49.3,28.2,22.5,51.73,726.9,3.2,89.52,1.65,8.51,0.97,5.2,0.2858,2.4851,54.99,136.9765,398.9988,45.5976,26.0463,0.3498,20.788,27.2215,335411.9,507.9731,-1.2628,0.05,85.5254,4.9036,0.1163,402.8504,17770768.5,35.8329,11.4214,0.1102,11.7627,2.375,62.865,-1.3041,-1.2425,142.8315,76.7672,0.9695
263,90.6,50.4,27.2,22.4,52.28,729.35,4.5,88.92,1.73,8.68,1.13,6.26,0.2961,2.4853,55.0267,137.2298,393.4704,45.3756,26.8602,0.3499,21.4012,26.8873,335411.9,506.9093,-1.092,0.05,84.7648,4.8811,0.1143,344.7311,17571410.5,37.1495,8.767,0.1102,11.219,2.3746,61.724,-1.3037,-1.0778,144.0128,76.9563,1.1329
269,91.2,51.5,26.2,22.3,52.84,731.8,3.2,89.92,1.88,9.1,1.73,6.1,0.2966,2.4867,55.0439,137.0257,395.5414,45.777,23.1983,0.3502,16.9988,26.8071,335411.9,502.3764,-1.4375,0.05,85.007,4.9035,0.1134,301.1417,17416668,34.5007,10.8182,0.1099,11.8831,2.376,63.3266,-1.3079,-1.4076,143.3733,77.9226,0.8053
250.5,90.5,51.5,26.2,22.3,53.39,728.9,3.2,89.2,1.69,8.49,1.27,7.13,0.2914,2.4812,54.9677,136.3139,394.3683,45.1731,26.0026,0.35,20.5269,26.8494,335411.9,506.0882,-1.385,0.05,85.0307,4.8581,0.1127,243.0224,17230268,36.5471,14.7192,0.11,11.2707,2.3743,63.4068,-1.2918,-1.3631,144.0008,74.1012,0.8481
232,90.4,51.5,26.2,22.3,53.94,726,3.2,89.2,2.15,7.97,1.43,6.7,0.2914,2.4811,54.9911,136.2687,392.672,46.6063,23.1736,0.3503,17.4931,26.9124,335411.9,498.6554,-1.338,0.05,84.5647,4.8387,0.1119,199.433,17077115,35.2156,14.7786,0.11,11.0821,2.3744,62.2709,-1.2967,-1.3182,144.0832,73.9621,0.8999
300.9,90.9,51.6,24.6,23.8,51.73,731.7,3.2,89.5,1.6,9.37,0.96,6.89,0.3037,2.4843,55.001,137.5678,394.812,44.4982,23.519,0.35,14.425,27.1648,335411.9,503.8675,-1.3157,0.05,84.9252,4.8964,0.11,167.933,16099522.75,34.9242,12.3082,0.1099,12.2087,2.3772,67.8509,-1.3031,-1.2926,139.031,75.2679,0.9212
300.9,90.5,51.6,24.6,23.8,51.73,731.7,3.3,89.3,2.22,8.66,1.48,7.08,0.3024,2.4837,55.0179,138.4698,417.0265,44.749,29.7162,0.35,23.1768,27.3341,335411.9,498.7148,-1.2218,0.05,91.0772,4.8953,0.1142,163.614,16003325.38,36.1807,12.2458,0.11,11.8622,2.3758,64.36,-1.3026,-1.2016,138.5348,74.9332,1.0098
300.9,91.3,51.6,24.6,23.8,51.73,731.7,3.7,89.72,1.6,8.71,1.07,6.7,0.3042,2.4817,54.9981,138.5513,420.166,44.3375,26.4903,0.3502,17.0872,27.3369,335411.9,496.7956,-1.2725,0.05,89.3569,4.899,0.1094,154.9693,15811455.25,36.6886,12.9888,0.1099,11.675,2.3751,64.9277,-1.3048,-1.2533,138.3175,75.4746,0.9547
241.3,91,54.8,21,24.2,52.83,728.5,3.4,89.7,3.39,8.56,1.43,6.74,0.2988,2.482,54.997,138.4097,427.4931,44.8179,23.2103,0.3498,16.5092,27.3646,335411.9,499.7222,-1.3716,0.05,88.881,4.8963,0.1072,148.4874,15671913.25,35.1004,13.5715,0.11,11.5794,2.3755,65.0813,-1.3057,-1.3452,138.2857,75.4914,0.8601
240.3,91,55.4,21.2,23.4,53.4,730.3,3.2,89.76,2.47,9.69,1.26,6.79,0.302,2.4816,54.9773,131.8977,423.9116,44.629,21.9016,0.3499,16.2667,27.2751,335411.9,505.4083,-1.3713,0.05,84.5853,4.9013,0.1038,139.845,15474141.5,35.061,13.4222,0.1099,10.4729,2.3745,59.2661,-1.3243,-1.3469,140.0909,75.5934,0.8676
240.3,91.1,55.4,21.2,23.4,53.4,730.3,3.2,89.89,1.55,7.83,1.07,6.05,0.3062,2.4825,55.0066,136.0366,427.2441,29.668,23.8953,0.3498,16.1192,28.524,335411.9,493.2626,-1.396,0.05,84.9209,4.9009,0.1018,133.3631,15336709,35.3225,14.2469,0.1101,11.1683,2.3752,62.4683,-1.3105,-1.3803,138.8765,76.2365,0.8459
240.3,90.6,55.4,21.2,23.4,53.4,730.3,3.2,89.39,2.38,7.59,1.46,5.91,0.3006,2.4817,54.9994,136.0328,423.968,29.5772,17.7245,0.3499,12.6171,28.5438,335411.9,492.0726,-1.3394,0.05,88.7621,4.8998,0.0995,124.7207,15137504.25,32.7139,15.7176,0.11,11.2445,2.3748,62.3086,-1.3317,-1.2273,138.7876,75.7357,0.9777
240.3,90.8,55.4,21.2,23.4,53.4,730.3,3.2,89.69,1.71,8.64,1.18,5.78,0.3035,2.4834,54.9959,136.1099,434.5882,29.4073,23.9913,0.35,15.0258,28.5833,335411.9,497.0673,-1.1855,0.05,88.8347,4.9001,0.1025,118.2388,15016904.5,36.1479,14.7598,0.1098,11.3157,2.3766,62.9412,-1.3087,-1.1655,139.4271,76.3311,1.0402
214.1,91.4,54.3,21.9,23.8,53.97,727.7,6.5,90.3,2.41,8.98,1.5,6.19,0.3039,2.4801,54.9903,136.2645,434.9741,45.1686,21.1324,0.3495,13.499,26.713,335411.9,499.7772,-1.0963,0.0512,88.2248,4.8931,0.1025,109.5964,14840874.75,37.1994,11.8212,0.1098,11.7121,2.3768,62.9393,-1.3156,-1.0665,138.8569,74.174,1.1552
214.1,90.6,54.3,21.9,23.8,53.97,727.7,3.2,89,2.65,10.61,1.44,6.35,0.3035,2.4799,55.0182,137.119,435.0934,44.5794,21.2164,0.3498,14.6002,26.9611,335411.9,498.5691,-1.2465,0.05,88.1047,4.891,0.1018,103.1145,14702220,37.0728,12.0039,0.11,11.2763,2.3755,62.5153,-1.3152,-1.2205,139.0572,74.2802,0.9889
214.1,90.3,54.3,21.9,23.8,53.97,727.7,3.2,89.2,1.84,8.71,1.16,6.04,0.3023,2.4784,55.0115,138.1318,435.1386,44.6562,17.4971,0.3501,9.8743,27.1271,335411.9,500.4418,-1.2954,0.05,88.8303,4.7952,0.0965,94.472,14511947.75,35.1769,15.4105,0.1099,10.7785,2.3744,60.24,-1.3263,-1.2694,139.0791,73.5443,0.9433
259.7,90.8,55.1,24.3,20.6,53.42,722.4,3.2,89.6,2.36,8.69,1.59,6.69,0.2981,2.4818,55.0008,138.0996,435.184,44.8738,20.6546,0.3499,13.7272,27.0729,335411.9,501.1661,-1.1838,0.05,87.9115,4.7678,0.0981,87.9902,14370999,36.5406,14.4563,0.1098,11.2038,2.377,63.4205,-1.3168,-1.162,138.4163,73.7416,1.0504
259.7,90.1,55.1,24.3,20.6,53.42,722.4,3.2,88.9,3.02,8.92,1.3,6.73,0.2966,2.4798,54.9986,137.9671,435.7872,44.6307,20.235,0.3501,11.3819,27.4936,335411.9,499.6917,-1.2663,0.05,87.6198,4.7928,0.0977,79.3477,14180670.75,35.6162,16.1418,0.1099,11.26,2.3752,63.0711,-1.3315,-1.247,138.4234,73.1415,0.9581
279.6,90.2,56.6,24.3,19.1,53.42,727.9,3.2,88.9,2.17,7.85,1.35,6.37,0.2956,2.4794,55.0418,138.4792,438.2782,44.6384,20.2291,0.3501,12.3721,27.143,335411.9,503.563,-1.2495,0.05,88.2515,4.7645,0.0982,75.0265,14083471.5,35.2308,14.2883,0.1099,11.397,2.3761,64.4148,-1.3197,-1.2187,138.4276,71.7862,0.9906
279.6,90.1,56.6,24.3,19.1,53.42,727.9,3.2,89,2.67,8.41,1.21,6.37,0.2987,2.4774,55.0058,137.9542,440.1992,44.9278,18.5629,0.3501,10.0851,26.8186,335411.9,496.015,-1.2987,0.05,87.626,4.7709,0.0953,70.7053,13987527.75,35.9236,16.2163,0.11,11.1962,2.3754,63.1955,-1.3246,-1.2795,139.5591,71.0593,0.9341
279.6,90.1,56.6,24.3,19.1,53.42,727.9,3.2,89,2.21,7.86,1.57,6.11,0.3035,2.4767,55.0075,136.5205,440.9073,44.9432,16.8176,0.3498,9.932,26.693,335411.9,492.3237,-1.2798,0.05,87.6525,4.7904,0.0967,64.2234,13849029.5,35.1006,13.9688,0.1099,11.4601,2.3751,64.9127,-1.3317,-1.2621,139.2546,70.1412,0.9511
248,89.6,55.9,20.6,23.5,50.11,727.8,3.2,88.5,2.32,7.97,1.31,6.74,0.2998,2.4762,54.9757,136.2517,440.0269,44.9458,17.6237,0.3498,9.2287,27.158,335411.9,503.3639,-1.3369,0.05,87.618,4.7638,0.0985,59.9022,13756896.5,34.7534,14.1817,0.11,10.9804,2.3741,62.0235,-1.3276,-1.3131,140.6803,69.8552,0.9007
248,89.6,55.9,20.6,23.5,50.11,727.8,3.2,88.7,2.08,8.22,1.03,5.8,0.3026,2.4772,55.0416,137.1437,439.8509,44.8124,16.8614,0.3502,9.2831,26.5526,335411.9,494.2109,-1.1932,0.05,86.9758,4.7906,0.0968,55.581,13656657,35.1651,15.0259,0.1099,10.9261,2.3751,62.5131,-1.3345,-1.1739,141.5397,69.9224,1.0401
248,89.7,55.9,20.6,23.5,50.11,727.8,3.2,88.3,3.09,8.13,1.53,7.25,0.3111,2.4768,54.99,136.3681,439.6333,44.7678,17.9915,0.3504,10.5705,27.3965,335411.9,488.9614,-1.2925,0.05,87.4455,4.7601,0.0966,49.0991,13498004,35.802,15.0855,0.1099,11.6005,2.3748,63.7407,-1.3194,-1.274,140.5228,69.8137,0.9336
248,89.4,55.9,20.6,23.5,50.11,727.8,3.2,87.8,1.98,8.57,1.4,6.98,0.3103,2.4754,54.9922,137.6952,439.8342,44.7025,20.7176,0.3499,8.5695,27.0852,335411.9,498.6561,-1.243,0.05,88.2697,4.791,0.0953,42.6173,13337000,36.6921,14.1576,0.1101,11.2317,2.3728,63.4327,-1.3216,-1.2165,139.389,70.2254,0.9859
248,89.1,55.9,20.6,23.5,50.11,727.8,3.2,87.59,2.47,8.36,1.64,6.27,0.3078,2.4767,55.0009,136.7653,440.0874,45.0818,15.4423,0.3498,6.1987,27.2407,335411.9,494.8596,-1.2747,0.05,88.6086,4.7889,0.0988,40.4566,13290900.25,34.6537,15.1288,0.11,11.0745,2.3739,62.4799,-1.3247,-1.2513,140.3197,70.501,0.9551
248,89.4,55.9,20.6,23.5,50.11,727.8,3.2,88.09,2.53,8.57,1.3,6.69,0.3014,2.4769,54.9813,136.7612,441.0867,45.1123,13.8047,0.3501,6.8089,27.4436,335411.9,502.0879,-1.2706,0.05,88.8064,4.7459,0.0992,33.9748,13110559.25,34.4525,16.9237,0.1101,11.2819,2.3736,61.52,-1.3433,-1.2524,139.4655,70.6343,0.9641
248,89.2,55.9,20.6,23.5,50.11,727.8,3.2,87.89,2.14,8.26,1.15,6.56,0.3072,2.4756,55.0244,136.9654,439.6853,44.7993,24.0708,0.3502,14.0563,27.5606,335411.9,493.3738,-1.2781,0.05,88.0881,4.7934,0.099,29.6536,13001324.25,36.0586,15.9541,0.1099,11.4019,2.3722,64.1132,-1.3188,-1.2606,139.9052,70.6299,0.947
172.4,89.2,59.3,17.2,23.5,42.96,723.4,3.2,87.39,2.33,8.24,1.43,6.98,0.2988,2.4743,54.9982,136.7849,434.0449,44.8539,19.246,0.3499,10.3748,27.3982,335411.9,495.6769,-1.1919,0.05,88.46,4.7464,0.094,25.3323,12899241.5,35.5883,14.7743,0.11,10.9769,2.3712,62.2418,-1.3315,-1.1699,140.9001,70.8179,1.0359
172.4,88.6,59.3,17.2,23.5,42.96,723.4,3.2,87.09,2.54,8.62,1.36,6.76,0.2998,2.4781,54.982,136.4537,434.6834,44.9792,15.4927,0.35,7.5389,27.6701,335411.9,504.4269,-1.3031,0.1,92.7551,4.7895,0.0972,18.8505,12749296,34.0233,16.5561,0.11,11.6407,2.375,64.0926,-1.3311,-1.2791,140.9017,70.8608,0.9314
172.4,89.1,59.3,17.2,23.5,42.96,723.4,3.2,87.59,2.33,8.75,1.44,7.21,0.2984,2.4747,54.9987,136.6037,433.9839,44.7122,23.1836,0.3501,13.4982,27.3205,335411.9,496.7987,-1.2206,0.1,90.4998,4.7924,0.0981,14.5293,12644481.75,36.9179,15.977,0.11,10.8897,2.3699,63.6891,-1.3157,-1.1979,139.5261,71.4723,1.0098
172.4,89.3,59.3,17.2,23.5,42.96,723.4,3.2,87.59,1.65,9.12,0.97,6.87,0.3022,2.4764,54.983,136.7105,433.6045,44.7878,21.7346,0.3499,11.7734,27.2782,335411.9,490.6387,-1.186,0.1,90.5417,4.7469,0.0963,10.208,12539672.5,36.7471,15.6802,0.1099,11.049,2.3722,63.7461,-1.3214,-1.162,140.107,71.6011,1.0447
172.4,88.4,59.3,17.2,23.5,42.96,723.4,3.2,87.59,2.15,8.58,1.03,6.97,0.3009,2.4768,54.9567,136.5679,431.0728,44.5882,20.4119,0.3499,11.956,26.3728,335411.9,502.7411,-1.1494,0.1,89.9801,4.7912,0.0973,3.7262,12384515.75,34.6041,15.1014,0.1099,10.9642,2.3714,64.4588,-1.3224,-1.1327,140.288,72.2454,1.0933
153.4,88.5,58.5,17.6,23.9,45.15,720.8,3.2,87.09,2.48,8.67,1.43,6.74,0.2991,2.4722,54.9996,137.7224,433.3587,44.6335,18.9783,0.3501,11.1462,27.0868,335411.9,496.746,-1.2428,0.05,89.8391,4.7546,0.096,75.3837,12288086.75,37.0113,15.8162,0.1099,10.8611,2.3711,62.1613,-1.3293,-1.2248,140.4341,68.4524,0.9845
153.4,87.6,58.5,17.6,23.9,45.15,720.8,3.2,86.6,2.21,8.42,1.17,6.63,0.303,2.4743,55.035,138.3382,436.5049,44.6299,17.4089,0.3498,8.4248,26.8916,335411.9,494.3017,-1.074,0.05,89.1194,4.7792,0.097,84.5566,12179148.75,33.5014,13.098,0.11,11.8388,2.3744,66.5146,-1.3378,-1.0513,140.4809,67.8709,1.162
153.4,85.3,58.5,17.6,23.9,45.15,720.8,3.2,85.1,2.45,8.85,1.27,6.69,0.3023,2.4674,55.0408,140.6861,435.5978,44.6425,17.7092,0.3503,9.1118,27.2957,335411.9,502.6778,-1.0338,0.05,89.9118,4.7929,0.0951,98.316,12018229,34.6836,15.8997,0.11,7.8207,2.3663,42.6266,-1.3409,-1.0241,137.7032,68.7424,1.1899
126.9,88.7,58.9,18.8,22.3,47.34,723.1,3.2,87.19,2.49,7.56,1.16,5.8,0.3001,2.471,54.9618,136.4649,435.0647,44.7296,14.7171,0.3499,7.8255,27.1735,335411.9,505.8975,-1.089,0.05,89.8413,4.7844,0.0988,107.489,11889682.75,33.7379,14.3941,0.11,10.2503,2.3698,61.4236,-1.3409,-1.0738,140.7251,68.9711,1.1363
126.9,88.6,58.9,18.8,22.3,47.34,723.1,3.2,87.09,2.41,7.58,1.02,5.58,0.2988,2.4729,54.9794,136.3994,432.2522,44.6863,18.5842,0.35,9.3051,26.8048,335411.9,493.128,-1.2493,0.05,89.4003,4.7887,0.0954,116.6619,11753628.25,35.0107,16.9213,0.1099,11.0229,2.3717,64.5716,-1.3186,-1.2284,141.1281,69.0084,0.9842
126.9,88.7,58.9,18.8,22.3,47.34,723.1,3.5,87.49,2.45,7.66,1.49,5.92,0.2982,2.4724,54.9974,137.3122,432.0139,44.429,18.4411,0.35,10.5353,27.1417,335411.9,497.774,-1.1218,0.05,89.5092,4.7443,0.0951,130.4213,11571163,37.6418,17.5446,0.1099,10.6627,2.3704,63.9655,-1.3072,-1.1018,140.1906,69.6619,1.1116
99.6,89,56.9,22.6,20.5,47.89,725.7,3.2,87.5,2.51,7.45,1.18,6.07,0.3013,2.4742,55.0169,137.3763,433.228,44.7159,17.6115,0.35,9.5472,27.2386,335411.9,496.1638,-1.0819,0.05,89.0561,4.7892,0.0961,139.5942,11435455.25,36.3726,13.8628,0.11,10.7523,2.3734,63.9417,-1.3245,-1.063,140.6823,69.3625,1.1611
99.6,88.4,56.9,22.6,20.5,47.89,725.7,3.2,87.19,2.65,7.26,0.99,4.48,0.287,2.462,55.0431,136.6943,431.7737,44.4955,19.7843,0.3498,10.8994,26.8129,335411.9,495.3465,-1.3238,0.05,89.1253,4.8661,0.0927,148.7671,11301609.5,36.6979,12.7268,0.1101,9.9798,2.3632,64.2217,-1.3239,-1.2984,140.9533,67.3147,0.9047
99.6,88.7,56.9,22.6,20.5,47.89,725.7,3.2,87.3,1.88,8.27,1.12,6.41,0.3207,2.5112,55.0216,132.4878,431.9507,43.8369,20.6523,0.3504,13.0169,27.2768,335411.9,490.1732,-1.0149,0.05,89.1379,4.8729,0.0959,162.5265,11106498.5,33.8673,14.9847,0.1099,10.8077,2.4138,64.5402,-1.3089,-1.005,140.8041,64.3301,1.2462
99.6,88.2,56.9,22.6,20.5,47.89,725.7,3.2,86.4,2.73,7.82,1.76,7.26,0.2987,2.5061,55.0097,132.9524,435.7847,43.9576,15.8686,0.3497,7.3548,26.9839,335411.9,490.9676,-0.9759,0.05,89.7658,4.8953,0.0953,171.6994,10977081.25,36.3134,17.2765,0.11,9.8748,2.409,63.6087,-1.3239,-0.9619,141.6175,63.662,1.2848
99.6,88.2,56.9,22.6,20.5,47.89,725.7,3.2,87.1,2.73,7.82,1.76,7.26,0.2992,2.5088,54.9921,131.8829,435.9257,43.8767,16.6653,0.3499,6.463,26.5076,335411.9,493.1319,-0.921,0.05,89.3091,4.8969,0.096,180.8723,10844122.25,35.0711,14.6403,0.1101,10.9131,2.4117,66.3866,-1.3223,-0.9062,142.1113,63.1818,1.3463
126.6,87.8,56.3,18.9,24.8,49.54,723.4,3.2,85.99,2.24,5.93,1.07,4.53,0.3007,2.5058,54.986,132.7472,433.7334,44.4895,15.067,0.3501,7.6751,27.6851,335411.9,495.3457,-1.0556,0.05,90.1946,4.8895,0.099,194.6317,10648246,32.1272,17.7568,0.11,8.807,2.4084,57.5457,-1.3525,-1.057,141.5675,64.2154,1.2032
126.6,87.9,56.3,18.9,24.8,49.54,723.4,3.2,86.58,2.53,5.78,1.08,3.6,0.319,2.5039,54.9921,132.1008,430.0876,44.1948,19.424,0.349,14.1219,28.1871,335411.9,494.647,-0.6638,0.05,90.227,4.8993,0.0987,203.8046,10527908,36.6826,20.0814,0.1098,7.4038,2.4104,46.0238,-1.3198,-0.6687,141.2207,62.486,1.5817
126.6,87.5,56.3,18.9,24.8,49.54,723.4,3.2,85.68,2.4,6.75,1.22,5.52,0.2856,2.5,55.0073,131.5738,429.1741,44.021,21.305,0.3499,12.5973,27.3953,335411.9,507.906,-0.9421,0.05,90.7539,4.8683,0.0988,212.9776,10414871.75,36.0226,16.8059,0.1099,6.3657,2.4025,45.0324,-1.3256,-0.9271,142.0041,63.7594,1.3181
307.6,88.6,56,20.7,23.3,50.64,726.5,3.2,87.18,1.55,7.11,0.93,6.46,0.3528,2.4568,54.9976,91.3059,425.6163,44.2199,23.1304,0.3497,15.5393,26.5368,335411.9,495.9908,-1.0894,0.05,88.2371,4.801,0.0986,286.2793,10167891,33.831,10.8627,0.1099,5.4869,2.3524,47.0362,-1.3055,-1.0637,141.7762,70.0195,1.131
307.6,89.1,56,20.7,23.3,50.64,726.5,3.2,87.68,1.89,8.74,1.14,6.02,0.3154,2.4762,54.9137,119.4344,421.5631,43.3833,18.5731,0.3492,8.3674,27.3311,335411.9,509.4071,-0.8725,0.05,90.0415,4.8819,0.095,51.6519,9924614.7,34.3804,14.8036,0.1101,9.1395,2.3742,43.2127,-1.3446,-0.8554,141.1764,67.9885,1.3509
313,89.8,56.8,22.8,20.4,49.54,725.8,3.2,88.48,2.52,8.93,1,6.57,0.288,2.5276,55.006,130.9991,421.2017,43.9945,14.6667,0.3502,8.7934,26.5563,335411.9,510.0519,-0.9502,0.05,89.7872,4.8972,0.0959,48.1743,9804525.125,32.4072,18.7814,0.11,12.5062,2.4264,62.875,-1.3639,-0.9425,142.3633,67.2783,1.3269
313,90.4,56.8,22.8,20.4,49.54,725.8,3.2,88.98,1.9,8.79,1.03,5.61,0.2881,2.5294,55.0153,129.9307,421.1549,43.3741,21.1381,0.35,11.8271,27.5256,335411.9,495.6838,-1.0527,0.05,89.354,4.8784,0.0958,44.6967,9685619.875,34.1666,20.9002,0.1102,12.9403,2.4295,64.9455,-1.3288,-1.0422,141.3007,65.5305,1.2362
313,89.2,56.8,22.8,20.4,49.54,725.8,3.2,88.08,1.9,6.9,1.12,6.08,0.2868,2.5278,54.9855,130.9539,420.5887,44.0376,15.8415,0.3502,10.7333,28.0199,335411.9,494.8504,-1.0538,0.05,89.8436,4.8786,0.0959,39.4804,9505714.3,33.7256,19.3861,0.1101,11.5249,2.4282,59.6837,-1.3557,-1.0512,141.5782,65.5038,1.2077
312.6,89.4,56.3,23.5,20.2,48.44,733.5,3.2,88.18,2.82,12.27,0.98,6.11,0.2896,2.5256,55.0036,130.6584,420.4159,43.4361,20.6251,0.3501,14.8971,27.6012,335411.9,495.9791,-1.106,0.05,90.0873,4.8936,0.1005,36.0028,9386056.75,31.5036,18.4806,0.1102,11.8187,2.4267,60.6803,-1.3202,-1.102,142.0845,63.942,1.1692
312.6,89.4,56.3,23.5,20.2,48.44,733.5,3.9,88.38,1.9,9.09,0.97,8.69,0.2947,2.5151,55.0165,129.7673,420.2768,43.3918,27.3156,0.3499,20.6669,27.3748,335411.9,493.3768,-1.083,0.05,91.0474,4.9045,0.1023,32.5252,9268889.35,34.6373,13.2113,0.11,12.5867,2.4252,65.7707,-1.3202,-1.0665,142.8135,54.7037,1.183
225.9,90.2,52.5,24.8,22.7,48.75,729.7,3.4,88.89,3.97,6.94,2.41,6.23,0.2425,2.4996,55.0155,134.4691,442.776,41.9041,33.836,0.3506,32.2123,27.3941,250971,496.495,-0.9926,0.05,91.4882,4.7998,0.1088,153.0111,2731029.7,34.3219,15.7755,0.1102,10.2282,2.4112,64.3259,-1.2882,-0.9973,143.9639,54.3545,1.2606
225.9,90,52.5,24.8,22.7,48.75,729.7,4.6,88.79,3.61,9.25,1.46,6.11,0.243,2.4945,55.0354,135.5677,442.9441,41.4392,29.6154,0.3504,30.2788,27.6108,248451.15,497.7389,-1.0326,0.05,89.9624,4.8042,0.1067,195.9233,2579016.375,33.4174,18.6942,0.1102,8.5681,2.4065,60.8329,-1.2957,-1.0293,143.2806,54.1581,1.2275
208,89.8,57.7,18.3,24,48.75,729.2,3.4,88.66,4.91,8.18,1.51,10.56,0.2352,2.4966,55.0272,129.2292,444.0252,41.3041,29.5129,0.3503,30.2999,26.8762,246771.3,497.5923,-0.9338,0.05,92.2934,4.778,0.1057,20.3707,2474899.125,33.1535,15.7532,0.11,10.1799,2.4086,65.9858,-1.2944,-0.9219,146.1967,53.3937,1.3218
208,88.8,57.7,18.3,24,48.75,729.2,3.2,87.79,2.84,7.44,1.34,6.06,0.2393,2.4954,54.986,133.3024,446.6902,40.9047,33.5733,0.3497,32.3889,27.2671,245091.4,493.4741,-0.9238,0.05,93.2755,4.8052,0.1108,69.3782,2374792.45,33.981,17.1412,0.11,9.9444,2.4071,65.0215,-1.2963,-0.913,144.3742,53.6476,1.3345
208,89.3,57.7,18.3,24,48.75,729.2,3.2,88.29,3.44,8.19,1.3,6.28,0.2451,2.4979,54.9974,134.1255,448.7888,40.7162,33.7162,0.3496,31.4095,26.8541,242571.55,496.5087,-0.79,0.05,92.6051,4.7914,0.11,192.7892,2225012.525,33.8221,15.7027,0.1101,10.3838,2.4105,65.5634,-1.2969,-0.7788,144.143,53.1934,1.4702
254.4,89.7,54.8,22.1,23.1,45.82,738.7,3.2,88.19,4.44,8.35,2.35,6.73,0.2417,2.4979,55.0011,135.6361,448.7624,41.7099,33.8957,0.3503,32.048,27.4539,240891.65,503.544,-0.9566,0.05,92.4959,4.8031,0.1104,217.0999,2130204.9,34.6967,16.0736,0.1101,10.386,2.4106,67.672,-1.2876,-0.9448,144.3099,53.3528,1.3009
254.4,89.6,54.8,22.1,23.1,45.82,738.7,3.2,88.99,3.45,7.44,1.35,6.25,0.2487,2.497,54.9938,133.2954,446.9708,41.658,34.1352,0.3498,30.843,26.8385,239211.75,496.7163,-0.8661,0.05,91.9982,4.7825,0.109,184.6632,2032650.475,36.6304,15.6337,0.1101,10.1016,2.4089,68.4982,-1.2898,-0.8549,144.6326,54.0743,1.3917
254.4,89.5,54.8,22.1,23.1,45.82,738.7,3.2,88.49,3.58,7.51,1.38,5.59,0.2401,2.4973,54.9953,135.4902,437.7511,41.7468,33.169,0.3501,30.9368,26.9117,236691.9,499.9489,-0.9318,0.05,89.64,4.7904,0.1196,143.0459,1884752.6,35.7532,17.0614,0.1101,10.2025,2.4097,67.8065,-1.2858,-0.9199,142.8959,54.1156,1.3227
232.6,89,56.1,18.1,25.8,42.89,732.7,3.2,87.89,3.2,7.52,1.22,5.86,0.2555,2.4973,54.9748,133.8439,439.0475,41.7214,33.6833,0.35,30.9821,27.4239,235012.05,496.4948,-0.9002,0.05,89.8319,4.8071,0.1192,115.301,1786117,36.547,16.5223,0.1101,9.8315,2.4086,65.0398,-1.2912,-0.8944,143.4172,54.6475,1.3539
232.6,88.7,56.1,18.1,25.8,42.89,732.7,3.2,87.72,3.15,7.38,1.17,10.31,0.2469,2.4998,55.0187,136.4971,443.2158,42.6954,32.9736,0.3509,30.8808,27.6821,233332.15,494.934,-0.7508,0.05,88.0042,4.7767,0.1197,108.3033,1690238.875,34.6098,17.3758,0.1102,10.0812,2.4113,66.061,-1.2906,-0.7576,141.8366,54.5346,1.4949
232.6,89.1,56.1,18.1,25.8,42.89,732.7,3.2,88.16,3.73,8.2,1.62,6.31,0.2465,2.4986,54.9974,129.1435,438.1222,42.2339,30.7708,0.35,30.818,27.5598,230812.3,492.2367,-0.827,0.05,88.3935,4.8061,0.1201,1093.1202,1558935.275,34.9342,14.517,0.11,9.745,2.4098,65.2731,-1.2895,-0.8231,144.4798,55.1193,1.4296
232.6,89,56.1,18.1,25.8,42.89,732.7,3.2,88.08,3.73,8.13,1.37,5.93,0.242,2.499,54.9942,133.0869,438.1593,42.7094,32.1223,0.3503,31.3453,27.4761,229132.4,503.3062,-0.886,0.05,89.4456,4.8009,0.1219,745.5217,1477246.275,35.0578,15.2239,0.1101,10.4187,2.41,69.0927,-1.2936,-0.877,143.3763,55.3542,1.3711
232.6,89.8,56.1,18.1,25.8,42.89,732.7,3.2,88.08,3.58,7.32,1.68,5.83,0.2496,2.4993,54.9941,132.8523,449.0446,41.6663,32.3702,0.3499,30.8864,27.2197,227452.5,490.232,-0.9145,0.05,88.4408,4.7935,0.1211,487.2437,1390738.25,33.5233,16.6736,0.1101,10.3416,2.4108,67.8799,-1.2918,-0.9,143.0303,54.8191,1.3455
232.6,89.4,56.1,18.1,25.8,42.89,732.7,3.2,88.19,4.33,10.73,1.55,7.19,0.2489,2.4992,55.1946,133.866,453.2047,42.517,30.717,0.3498,29.2264,28.0466,224932.65,487.7253,-0.9139,0.05,85.068,4.7928,0.1188,2120.8727,1251598.85,33.0911,15.2957,0.1099,9.9729,2.4089,66.6176,-1.2925,-0.9114,142.2319,56.1926,1.3376
232.6,89.9,56.1,18.1,25.8,42.89,732.7,3.2,88.86,4.33,10.73,1.55,7.19,0.2519,2.499,46.013,128.3858,439.4967,40.5656,30.3329,0.3503,29.7646,26.4184,223252.8,498.2742,-0.859,0.05,90.262,4.7866,0.1186,138.4656,1158509.6,34.3158,17.0787,0.11,10.066,2.4085,67.9016,-1.2924,-0.8498,144.911,56.3054,1.3968
231.4,90.1,50.4,23.4,26.2,43.82,735.15,3.2,88.96,5.07,11.34,2.29,8.08,0.2487,2.4998,46.0043,128.6402,437.8355,40.6973,29.4308,0.3499,29.4888,27.1769,221572.9,500.0748,-0.8837,0.05,89.4622,4.8003,0.1182,253.5902,1060843.425,33.2335,16.1572,0.1101,9.9254,2.4098,66.9405,-1.2922,-0.8814,144.2048,56.2123,1.3741
231.4,90.2,50.4,23.4,26.2,43.82,735.15,5.3,89.16,3.44,9.68,1.38,7.06,0.2337,2.5039,45.9628,132.8577,432.951,40.4881,30.6766,0.3502,29.9151,27.0693,219053.05,495.8926,-0.8262,0.05,91.0569,4.8025,0.1186,873.0709,920476.915,35.03,17.1369,0.1101,10.3325,2.4131,69.6403,-1.2914,-0.8244,145.0467,56.423,1.4366
231.4,89.8,50.4,23.4,26.2,43.82,735.15,5.1,88.66,3.22,8.51,1.47,6.65,0.2536,2.5005,45.9861,127.4662,451.6358,40.5876,32.8879,0.3499,33.5527,26.4731,217373.15,500.6227,-0.8338,0.05,91.1277,4.7806,0.1237,1286.0581,834236.575,36.9116,15.0423,0.1101,10.4245,2.4097,69.6244,-1.2925,-0.8283,145.5993,56.7969,1.4234
231.4,90.1,50.4,23.4,26.2,43.82,735.15,4.3,89.56,3.48,10.67,0.9,6.35,0.2321,2.5045,46.0198,133.7861,452.4315,41.596,29.0015,0.35,27.0932,27.6609,215693.25,484.2228,-0.7334,0.05,91.2293,4.8034,0.1151,1699.0452,748045.6175,36.8975,17.4338,0.1099,10.7561,2.4141,70.715,-1.2908,-0.7368,145.4106,56.948,1.5257
231.4,89.8,50.4,23.4,26.2,43.82,735.15,3.2,88.46,6.81,13.11,3.97,12.67,0.2428,2.4999,46.0312,129.6531,450.9849,41.2138,26.3153,0.3499,25.3608,27.2113,213173.4375,498.4497,-0.8559,0.05,89.8157,4.8056,0.1125,501.6631,603192.645,34.076,16.583,0.11,10.2739,2.4089,68.0122,-1.2893,-0.8523,146.6536,56.9339,1.4031
231.4,90,50.4,23.4,26.2,43.82,735.15,3.4,88.76,1.58,7.45,0.6,3.3,0.2426,2.4996,45.9956,128.3904,451.2164,41.2243,25.2989,0.3499,25.7959,27.1902,211493.55,498.0754,-0.8435,0.05,90.3713,4.8041,0.1124,3.1452,502582.0525,31.6839,19.2096,0.11,10.2073,2.4086,68.3473,-1.2907,-0.8402,147.0412,57.3988,1.411
231.4,89.7,50.4,23.4,26.2,43.82,735.15,3.5,88.26,1.58,7.45,0.6,3.3,0.2575,2.5006,46.0167,128.6287,450.1426,41.1371,29.8664,0.35,31.2823,27.2669,210233.6125,491.0104,-0.8763,0.05,90.6534,4.7901,0.1215,90.7107,435921.285,34.8462,17.8321,0.11,10.927,2.4101,69.8617,-1.2876,-0.8707,146.1236,57.3122,1.3751
188.4,89.4,52.3,24.2,23.5,42.72,728.8,3.2,88.36,2.54,5.97,0.96,4.59,0.2297,2.5408,46.0105,138.1475,451.6795,41.2167,27.8272,0.3501,27.17,27.3948,207293.8,499.0461,-0.8118,0.05,89.7389,4.7819,0.1142,295.0301,270826.7725,32.4769,17.7748,0.1102,10.6967,2.4504,66.8015,-1.2858,-0.8136,146.683,56.59,1.484
188.4,89.9,52.3,24.2,23.5,42.72,728.8,4.1,88.86,2.71,6.8,1.07,5.14,0.2277,2.5391,45.984,139.0621,824.2122,40.6746,29.6613,0.3501,28.9357,27.6259,205613.9,501.9631,-0.771,0.05,89.4387,4.7903,0.1155,411.7841,179724.9075,35.1936,17.5426,0.11,10.3242,2.4491,65.6387,-1.2857,-0.7725,145.9957,56.6304,1.5188
188.4,89.1,52.3,24.2,23.5,42.72,728.8,5.1,88.66,3.25,7.52,1.26,5.68,0.252,2.5023,45.9967,132.5586,824.2627,41.2595,26.9018,0.3501,25.4334,27.1323,203934.005,491.324,-0.7964,0.05,127.436,4.8026,0.1126,528.538,108322.1125,34.2277,16.8416,0.1099,8.1669,2.4106,54.6989,-1.2866,-0.7899,145.4869,57.7516,1.4612
162.3,90.1,54.8,23.9,21.3,42.72,718.3,3.2,88.96,5.6,7.9,3.34,7.64,0.2424,2.5075,45.9979,134.6536,824.2631,41.0608,27.1394,0.3502,25.8433,26.7064,201414.2,500.8321,-0.7131,0.05,128.1373,4.8053,0.1118,703.669,18838.0443,34.8765,16.3072,0.1099,9.5,2.4162,56.4219,-1.2855,-0.7125,145.9551,57.9815,1.5484
162.3,88.8,54.8,23.9,21.3,42.72,718.3,5.3,87.66,6.04,8.4,3.81,8.03,0.2705,2.4968,46.0018,128.839,824.2613,43.8849,28.7334,0.3485,25.9404,26.5935,199734.3,486.0735,-0.7661,0.05,128.632,4.7961,0.1164,820.4229,0,36.572,18.4014,0.1101,8.0384,2.4062,56.3792,-1.2865,-0.754,145.8469,57.9896,1.4902
162.3,88.3,54.8,23.9,21.3,42.72,718.3,3.2,87.16,6.33,8.58,3.81,8.24,0.302,2.4194,45.8933,123.7433,824.2533,44.669,30.0173,0.3527,31.552,27.2378,198054.4,494.281,-0.9831,0.05,126.8469,4.7062,3.0452,937.1769,0,37.9914,16.3448,0.1099,10.421,2.3264,57.6396,-1.285,-0.9984,144.2374,59.6926,1.1797
167,87.3,57,21.5,21.5,58.11,734.3,3.2,85.96,6.38,10.62,1.61,6.95,0.278,2.386,50.1113,127.7082,533.4515,44.835,24.8232,0.3507,28.4446,0,140938.05,492.7702,-1.0288,0.05,132.9161,5.7811,0.5124,78.8773,17490050.25,36.7606,19.8944,0.1099,8.4591,2.2947,47.0684,-1.3547,-1.016,141.489,0.3206,1.1112
167,87.5,57,21.5,21.5,58.11,734.3,3.2,86.56,5.54,9.56,3.45,7.49,0.2618,2.4353,50.0138,132.2595,463.6944,44.6555,22.8792,0.3468,26.8427,0,139258.15,493.7145,-0.8452,0.05,131.9401,5.8013,0.4891,0,17477200.75,34.7769,23.2965,0.1101,8.307,2.3406,44.4342,-1.3801,-0.8488,141.0088,0.3167,1.3419
167,87.5,57,21.5,21.5,58.11,734.3,3.2,86.16,6.17,10.47,4.36,8.54,0.2579,2.4456,49.951,132.2868,458.9964,44.5793,21.4124,0.3495,25.1117,0,136738.35,491.3561,-0.7031,0.05,66.1591,5.7923,0.304,0,17413340,34.2238,24.3789,0.11,8.8776,2.3463,44.9013,-1.3824,-0.699,140.815,0.319,1.4866
307.3,87.8,53.6,25.9,20.5,58.11,721.8,3.2,86.29,6.33,11.22,3.87,8.79,0.249,2.4554,49.9676,136.9098,423.9694,44.9232,17.8168,0.3516,10.0637,0,135058.45,492.078,-0.8085,0.05,66.5758,5.7786,0.0078,0,17351323,32.4324,25.7463,0.11,8.5576,2.3571,43.7577,-1.3872,-0.8084,137.5914,0.3158,1.3862
307.3,90.6,53.6,25.9,20.5,58.11,721.8,4.8,89.09,5.94,10,3.7,7.74,0.2638,2.4985,49.877,134.7802,420.0149,44.3854,20.4228,0.3497,14.5834,0,133378.55,491.4072,-0.7286,0.05,65.9599,5.7779,0.0082,0,17260328,32.4391,23.3723,0.1098,12.1349,2.3995,69.7687,-1.4187,-0.7322,139.39,0.3176,1.5139
307.3,90.2,53.6,25.9,20.5,58.11,721.8,3.2,89.49,9.37,12.19,2.47,8.84,0.2634,2.4988,50.0157,135.1671,415.5419,41.6547,16.9547,0.3421,12.2744,0,130858.7,498.8362,-0.7204,0.05,65.5673,5.7626,0.0084,0,17144745.75,31.8503,23.4199,0.1104,11.8219,2.3971,67.8219,-1.4201,-0.7318,139.0576,0.3098,1.5117
244,90.4,55.1,24.2,20.7,58.11,719,6.5,89.69,3.82,9.1,3.58,9.05,0.2515,2.5257,49.9913,140.9198,419.7787,41.7518,26.9055,0.3421,21.1522,0,129178.8,491.3355,-0.6177,0.05,68.3759,5.8019,0.0082,0,17064649.5,33.5665,23.2561,0.1093,12.6396,2.4238,73.2012,-1.3765,-0.6274,139.5745,0.3283,1.6445
244,90.3,55.1,24.2,20.7,58.11,719,5.3,89.09,5.63,10.67,3.6,7.97,0.2576,2.5217,50.0132,138.6411,422.1262,41.4702,24.0239,0.3503,15.7556,0,127498.9,488.0555,-0.6472,0.05,68.4563,5.7985,0.0081,0,16984297.75,36.8744,22.7593,0.1097,12.1865,2.4196,71.8624,-1.3886,-0.6576,139.975,0.3161,1.6082
244,89.3,55.1,24.2,20.7,58.11,719,3.2,88.29,5.16,10.31,3.11,7.7,0.2454,2.538,50.0042,141.8611,416.2388,41.1646,15.6573,0.3498,7.5979,0,124979.1,486.9551,-0.6053,0.05,66.2913,5.7923,0.0086,0,16852639,34.5924,25.9138,0.1101,12.4066,2.436,69.9072,-1.4402,-0.6212,139.51,0.3146,1.6606
253,89.9,54.9,26.7,18.4,55.92,721.2,3.2,88.49,4.3,7.49,2.86,5.94,0.2456,2.5398,49.9881,142.5126,409.9981,41.2938,20.9374,0.3532,12.0625,0,123299.2,499.0308,-0.5996,0.05,67.5947,5.7902,0.0091,0,16751408.25,37.1776,23.7686,0.1106,12.328,2.4352,70.8589,-1.4272,-0.6102,140.3508,0.3113,1.6695
253,89.4,54.9,26.7,18.4,55.92,721.2,3.2,88.29,3.88,7.31,2.04,5.34,0.2431,2.552,50.1951,141.589,420.6986,41.4536,17.1115,0.3498,14.0296,0,121619.3,505.4388,-0.6162,0.05,64.4991,5.7886,0.0091,0,16643129.75,33.3449,27.6956,0.1103,11.8228,2.4487,69.1743,-1.4741,-0.6277,140.213,0.309,1.6649
253,90,54.9,26.7,18.4,55.92,721.2,7.5,88.69,5.51,10.21,3.41,7.62,0.2438,2.5567,49.9658,141.6158,419.9143,41.6303,16.8244,0.3504,11.3036,0,119099.45,491.9666,-0.6974,0.0501,65.6104,5.7761,0.009,0,16494466,34.4105,28.0745,0.1101,12.1799,2.4534,70.4981,-1.4155,-0.7069,140.092,0.313,1.5902
288.9,89.9,58.3,22,19.7,52.63,721.1,3.2,88.49,4.11,6.5,3.61,6.28,0.246,2.5561,49.9936,141.0593,428.4406,41.4122,23.9924,0.35,17.1048,0,117419.55,490.419,-0.6733,0.05,58.6291,5.7772,0.0083,0,16393210.25,36.754,25.2773,0.11,12.3663,2.4523,72.0128,-1.3666,-0.6814,139.7616,0.3129,1.6111
288.9,89.7,58.3,22,19.7,52.63,721.1,3.2,88.49,5.87,8.96,1.04,5.46,0.2412,2.5637,49.7417,142.8364,433.2548,41.759,20.698,0.3495,10.1373,0,115739.65,503.779,-0.6624,0.05,57.4045,5.7574,0.0089,0,16300353.25,33.4606,26.2697,0.1101,12.1201,2.4618,70.8986,-1.411,-0.6672,139.7417,0.3123,1.6324
288.9,89.7,58.3,22,19.7,52.63,721.1,3.2,88.39,5.55,9.92,3.46,7.74,0.2433,2.5746,50.0392,140.7805,431.9467,41.6114,21.0524,0.3498,10.7614,0,113219.85,487.2833,-0.5964,0.0501,57.7135,5.7966,0.0085,0,16158472,35.1759,26.2825,0.11,11.9854,2.4702,71.62,-1.394,-0.6032,140.1013,0.3076,1.7091
288.9,89.7,58.3,22,19.7,52.63,721.1,3.2,88.29,9.01,4.96,6.95,2.91,0.2347,2.5783,49.9817,144.3704,439.3036,41.8044,21.3139,0.3494,9.6377,0,111539.95,496.9734,-0.6154,0.05,58.3026,5.7952,0.0085,0,16072746.25,35.1395,30.1205,0.11,12.0708,2.4752,72.0438,-1.3836,-0.6281,139.3555,0.3144,1.6962
310.7,89.7,50.5,27.2,22.3,61.33,724.8,4,88.29,4.96,9.01,2.91,6.95,0.2324,2.5777,49.8125,145.0669,438.1569,41.9423,22.2586,0.3565,10.9278,0,109860.05,482.3718,-0.5983,0.05,58.6415,5.7944,0.0081,0,15981769.5,35.5577,29.2608,0.1101,12.0597,2.4771,72.7579,-1.3998,-0.6192,141.0725,0.3068,1.7021
310.7,89.6,50.5,27.2,22.3,61.33,724.8,5,88.29,9.64,5.45,7.62,3.59,0.2347,2.5517,50.7232,146.442,433.3724,41.736,20.7306,0.3552,9.5554,0,107340.2,481.6888,-0.6581,0.05,57.346,5.7903,0.0083,0,15865894,37.2805,27.1742,0.1102,12.3265,2.4494,71.2087,-1.3863,-0.6648,139.7298,0.3178,1.6248
310.7,89.2,50.5,27.2,22.3,61.33,724.8,3.2,88.09,5.6,9.88,3.71,7.75,0.2479,2.5476,49.9847,142.3926,418.4556,41.2366,29.279,0.3417,12.7919,0,105660.3,496.7224,-0.6037,0.05,57.1442,5.7929,0.0083,144.5918,15786836.25,33.3566,25.4023,0.1102,12.5816,2.4441,72.6531,-1.3442,-0.6131,139.4031,0.3121,1.6731
310.7,89.4,50.5,27.2,22.3,61.33,724.8,3.2,87.99,4.67,9.34,4.6,8.97,0.2357,2.5472,49.9937,144.6919,451.8675,41.5064,21.962,0.3577,8.2016,0,103980.4,481.2965,-0.6166,0.05,74.2166,5.7803,0.0091,1845.3972,15699147.5,34.0089,22.9303,0.1101,12.4609,2.4462,70.1009,-1.4207,-0.6278,140.3612,0.3134,1.6597
355,89.4,50.9,27.6,21.5,70.03,726.4,5.2,88.39,5.45,10.25,3.69,7.96,0.2684,2.4908,50.0309,135.3988,452.7651,41.5757,23.0637,0.3496,8.3359,0,101460.6,497.2589,-0.6878,0.05,75.3832,5.7681,0.0081,37.3917,15565640.75,34.1763,25.754,0.1101,12.1884,2.3884,69.1874,-1.3799,-0.6929,138.7726,0.318,1.5314
355,90,50.9,27.6,21.5,70.03,726.4,3.6,88.99,5.43,10.01,1.24,6.02,0.2666,2.4732,50.0753,136.9647,444.0206,41.2599,18.747,0.3488,4.73,0,99780.695,486.4118,-0.6123,0.05,70.9302,5.759,0.0084,0,15477107.25,33.6546,26.5714,0.1094,8.5219,2.3711,42.2766,-1.3678,-0.6232,133.7572,0.3163,1.5901
355,91.1,50.9,27.6,21.5,70.03,726.4,9.8,89.98,5.31,10.23,3.12,7.28,0.2748,2.48,49.9888,132.6474,357.1307,40.8534,18.9961,0.3573,5.2387,0,98100.7993,471.9205,-0.5095,0.05,77.3761,5.7879,0.0089,0,15378956.5,37.0583,28.0407,0.11,12.4003,2.3837,67.631,-1.4012,-0.5341,138.1045,0.3223,1.6934
355,90.9,50.9,27.6,21.5,70.03,726.4,7.3,89.78,4.91,9.52,3.73,7.76,0.2665,2.4918,50.0471,133.7752,310.0413,45.1732,24.1442,0.3464,8.1087,0,95580.965,500.596,-0.5958,0.05,60.1533,5.7926,0.0085,0,15234688.25,36.4856,25.1337,0.1112,12.0988,2.3879,71.3624,-1.3614,-0.612,139.7259,0.3139,1.6214
226,90.9,53,26.1,20.9,61.83,722,6.9,89.76,8.72,11.77,2.51,8.18,0.2685,2.5079,50.0157,129.4966,256.949,45.4461,18.4117,0.351,6.0137,0,93901.0723,496.8819,-0.7012,0.05,60.9247,5.7888,0.0091,0,15123808,31.5106,27.706,0.1115,11.8809,2.4046,71.2023,-1.3543,-0.6983,141.6824,0.3118,1.542
226,91,53,26.1,20.9,61.83,722,9.9,89.86,7.35,11.57,5.19,9.08,0.2705,2.49,50.005,129.4774,256.4697,45.4328,14.3233,0.3612,5.1998,0,92221.175,486.1981,-0.6337,0.05,58.8947,5.7905,0.0093,0,15033653.25,34.6857,29.7737,0.1113,11.6163,2.3812,70.9992,-1.436,-0.6479,139.8882,0.3171,1.5739
226,91,53,26.1,20.9,61.83,722,3.5,89.78,3,10.07,1.84,7.55,0.2531,2.4937,50.003,136.8867,283.2759,45.4745,15.6735,0.3513,4.678,0,89701.335,502.719,-0.6804,0.0501,63.2808,5.7911,0.0091,0,14902943.75,33.8348,26.7989,0.1111,11.5289,2.3885,70.0552,-1.4105,-0.6914,139.1792,0.311,1.5373
213.1,90.8,50.8,26.9,22.3,53.62,730.9,3.2,89.58,6.37,11.87,3.22,8.79,0.2534,2.4927,50.0439,134.817,306.8727,45.5472,13.1411,0.3564,6.3076,0,88021.4443,496.2897,-0.6826,0.05,64.1822,5.778,0.0081,0,14822738,32.748,26.7047,0.1112,11.722,2.3864,70.2289,-1.3842,-0.6915,139.2214,0.3084,1.5369
213.1,90.8,50.8,26.9,22.3,53.62,730.9,3.2,89.48,1.71,6.88,1.07,5.48,0.2351,2.492,50.1841,137.7246,327.4699,41.8123,18.1978,0.35,10.9244,0,86341.55,501.2447,-1.3623,0.0501,64.8781,5.7766,0.0084,0,14729725.75,36.9229,19.4031,0.1115,12.1145,2.4171,71.57,-1.3704,-1.3597,138.9536,0.3132,0.8911
213.1,90.7,50.8,26.9,22.3,53.62,730.9,3.4,89.48,7.44,10.54,2.88,7.72,0.2513,2.502,50.0407,137.7751,297.7828,42.0873,19.749,0.3585,12.0559,0,83821.715,487.835,-1.0687,0.05,64.7198,5.7676,0.0086,0,14574512,37.5446,21.7965,0.1116,11.7275,2.4183,71.7952,-1.3703,-1.0668,139.0222,0.3146,1.1856
213.1,90.7,50.8,26.9,22.3,53.62,730.9,4.2,89.58,7.81,12.24,2.85,8.49,0.2536,2.502,49.984,137.3302,307.4506,41.4061,19.8167,0.3505,13.5696,0,82141.825,492.6236,-1.3038,0.05,64.2179,5.7648,0.0089,0,14474157.5,31.9411,22.0674,0.1101,12.1065,2.427,71.9621,-1.3753,-1.3195,138.8848,0.3059,0.9534
261.9,90.4,53.9,22.3,23.8,55.26,721.9,4.8,89.48,6.61,10.85,1.55,6.84,0.2757,2.5266,49.9945,137.0112,336.7982,41.7763,21.0291,0.3509,12.5589,0,80461.925,499.7138,-0.6901,0.05,65.4609,5.7972,0.0085,0,14376877,33.3069,25.8438,0.11,12.4929,2.4179,72.5872,-1.3386,-0.6991,138.7272,0.3093,1.5632
261.9,91,53.9,22.3,23.8,55.26,721.9,3.2,89.78,7.15,10.67,1.21,6.22,0.2602,2.5214,49.7594,136.8055,371.3884,43.5432,13.6673,0.3504,4.353,0,77942.085,478.279,0.0878,0.05,64.3555,5.7986,0.0092,0,14209147.75,33.122,14.6331,0.1095,11.487,2.4362,69.4053,-1.3956,0.0888,138.8939,0.3189,2.3513
261.9,90.6,53.9,22.3,23.8,55.26,721.9,4,89.18,2.16,7.98,1.72,4.97,0.2505,2.5423,49.9339,137.8608,393.3503,41.4884,15.8394,0.3502,8.1843,0,76262.195,486.3309,-0.5971,0.05,62.2012,5.768,0.0086,0,14092011.75,35.7149,25.1957,0.11,11.4923,2.4316,71.501,-1.4024,-0.6127,139.1026,0.3068,1.6677
261.9,90.5,53.9,22.3,23.8,55.26,721.9,3.2,89.18,5.7,9.76,1.07,5.85,0.2493,2.5426,49.9554,137.5309,416.4439,41.6766,16.1969,0.3499,8.9853,0,74582.302,502.9212,-0.5675,0.0501,62.5365,5.7736,0.0079,0,13969839.25,35.5784,23.9706,0.1102,11.2959,2.4322,71.1261,-1.2888,-0.5836,139.1376,0.3108,1.6957
194.1,90.1,55.8,24,20.2,56.9,729.5,4.1,89.08,2.38,9.26,2.15,8.64,0.2531,2.5438,50.0003,136.1826,425.3386,42.2069,16.9963,0.3502,8.5846,0,72062.465,508.4669,-0.5351,0.05,62.5291,5.7731,0.0083,0,13818492.25,33.7241,24.217,0.1099,11.2734,2.4329,71.6121,-1.2906,-0.5527,139.3163,0.3064,1.7295
194.1,90.4,55.8,24,20.2,56.9,729.5,5.4,89.08,1.68,8.44,1,6.87,0.2405,2.5483,49.9684,140.2259,405.3713,42.2657,17.05,0.3492,12.983,0,70382.575,488.0174,-0.5807,0.05,63.8531,5.7637,0.0083,0,13715573.5,31.5323,24.4536,0.1101,11.9416,2.4359,72.4923,-1.3913,-0.5789,139.3449,0.3017,1.6918
194.1,90.4,55.8,24,20.2,56.9,729.5,4.1,89.08,2.45,10.1,1.57,8.1,0.2522,2.543,50.0016,135.5435,377.0694,41.6864,20.0639,0.3492,9.8262,0,68702.675,495.1404,-0.5107,0.05,64.5196,5.7623,0.0086,0,13632420.5,33.8178,24.9892,0.1103,11.5827,2.4454,72.5815,-1.409,-0.5178,139.8124,0.3042,1.7663
194.1,90.5,55.8,24,20.2,56.9,729.5,4.3,89.18,2.09,8.57,1.25,6.29,0.251,2.5441,49.9488,135.2482,421.7963,42.0689,22.7958,0.3498,14.2218,0,66182.841,502.835,-0.5615,0.05,65.1986,5.7716,0.008,0,13510634.75,38.139,22.5758,0.11,11.7615,2.4308,74.2852,-1.3644,-0.5694,139.5237,4.7509,1.7049
181,90.5,59,19.7,21.3,56.69,722,3.4,89.18,1.88,6.5,1.09,5.97,0.2579,2.5416,50.0149,133.8959,411.6833,42.2543,21.0991,0.3515,11.1909,0,64502.945,502.4458,-0.5202,0.0499,65.4095,5.776,0.0087,0,13424105.75,37.5409,23.7585,0.1098,11.5631,2.4296,73.2298,-1.3962,-0.5169,139.8357,1.5793,1.7439
181,90.4,59,19.7,21.3,56.69,722,3.2,89.08,1.62,6.13,0.94,4.63,0.259,2.5411,49.9714,133.9095,441.9184,42.4392,18.9328,0.3503,11.2285,0,62823.055,492.7618,-0.5802,0.05,64.5605,5.7828,0.0082,0,13339583.5,35.9136,27.4822,0.11,11.6338,2.4279,71.97,-1.3712,-0.5846,140.2748,0.3266,1.6822
181,90.3,59,19.7,21.3,56.69,722,4.8,88.98,2.16,7.94,1.62,6.67,0.2408,2.5467,49.9568,139.9194,448.6226,42.4459,21.7204,0.3504,11.5743,0,60303.215,500.8539,-0.5055,0.05,65.8328,5.785,0.0087,0,13209273.75,35.3035,25.7264,0.11,12.0427,2.4504,73.0619,-1.3623,-0.5048,140.1683,0.3237,1.7816
284.1,89.7,51.56,29.05,19.39,51.93,721.7,3.5,88.59,2.18,8.21,1.64,6.76,0.252,2.541,49.9218,140.0027,463.9235,46.8772,16.8967,0.3498,7.5146,0,56943.4333,483.0029,-0.5852,0.05,65.055,5.7836,0.0081,0,13036484.25,34.769,25.6122,0.11,12.0489,2.4547,71.0711,-1.4233,-0.5785,139.5186,61.8747,1.7078
288.1,90.5,51.89,26.96,21.15,50.83,726.9,5.6,89.16,1.44,3.76,1.39,3.62,0.2491,2.5576,49.4472,141.2511,466.7548,48.8401,20.517,0.3499,14.9343,0,30905.0965,489.1705,0.0012,0.0499,65.8328,5.8011,0.0121,0,11505515,33.3409,25.1205,0.1109,11.1153,2.4575,71.3834,-1.3912,0.0211,141.6723,55.6344,2.3108
253.4,90.4,49.42,26.5,24.08,50.83,723.7,3.3,89.1,2.08,4.44,1.35,3.38,0.2493,2.5581,49.4232,141.2986,466.406,48.9273,20.836,0.3498,15.3616,0,29225.205,489.2306,0.0001,0.0499,65.9215,5.8014,0.0124,0,11406460.75,33.3184,25.3756,0.111,11.102,2.4588,71.4073,-1.3881,0.0214,141.8473,55.0588,2.3124
253.4,90.3,49.42,26.5,24.08,50.83,723.7,4.7,89.1,1.71,4.25,0.97,3.16,0.2495,2.5587,49.3991,141.3462,466.0572,49.0145,21.155,0.3498,15.7889,0,27545.315,489.2908,-0.001,0.0499,66.0102,5.8016,0.0126,0,11307406.75,33.2958,25.6306,0.1111,11.0886,2.4602,71.4312,-1.385,0.0217,142.0223,54.4833,2.314
253.4,90,49.42,26.5,24.08,50.83,723.7,4.2,88.9,1.91,4.48,1.34,3.72,0.2499,2.5595,49.3631,141.4175,465.5341,49.1452,21.6335,0.3497,16.4299,0,25025.475,489.381,-0.0027,0.0499,66.1432,5.802,0.013,0,11158826,33.2619,26.0132,0.1111,11.0686,2.4623,71.467,-1.3804,0.0222,142.2849,53.62,2.3165
352.3,90.2,46.39,31.05,22.56,48.65,729.9,4.1,89.1,1.41,3.81,0.66,2.99,0.2501,2.5601,49.339,141.465,465.1853,49.2324,21.9526,0.3496,16.8572,0,23345.585,489.4412,-0.0038,0.0499,66.2319,5.8023,0.0132,0,11059771.25,33.2393,26.2682,0.1112,11.0552,2.4637,71.4909,-1.3773,0.0225,142.4599,53.0444,2.3181
352.3,90.2,46.39,31.05,22.56,48.65,729.9,6.2,89.1,1.86,4.55,1.2,3.58,0.2503,2.5606,49.315,141.5126,464.8365,49.3196,22.2716,0.3496,17.2845,0,21665.6898,489.5013,-0.0049,0.0499,66.3205,5.8026,0.0135,0,10960717.25,33.2168,26.5232,0.1113,11.0418,2.4651,71.5147,-1.3742,0.0228,142.6349,52.4689,2.3197
352.3,90.3,46.39,31.05,22.56,48.65,729.9,3.2,89.1,2.05,4.47,1.41,3.76,0.2506,2.5615,49.2789,141.5839,464.3134,49.4503,22.7501,0.3495,17.9255,0,19145.8523,489.5916,-0.0065,0.0499,66.4536,5.803,0.0138,0,10812136.5,33.1829,26.9058,0.1114,11.0218,2.4672,71.5505,-1.3696,0.0233,142.8974,51.6056,2.3222
343.4,90.6,45.77,33.76,20.47,48.65,722.6,3.9,89.4,1.96,4.79,1.34,3.45,0.2509,2.562,49.2548,141.6315,463.9646,49.5375,23.0692,0.3495,18.3528,0,17465.9583,489.6517,-0.0077,0.0499,66.5422,5.8033,0.0141,0,10713082.25,33.1603,27.1609,0.1114,11.0084,2.4686,71.5744,-1.3665,0.0236,143.0724,51.03,2.3238
343.4,90.5,45.77,33.76,20.47,48.65,722.6,3.3,89.2,2.14,4.65,1.35,3.4,0.2511,2.5626,49.2308,141.679,463.6158,49.6246,23.3882,0.3494,18.7801,0,15786.065,489.7119,-0.0088,0.0499,66.6309,5.8035,0.0143,0,10614028.25,33.1377,27.4159,0.1115,10.9951,2.47,71.5983,-1.3634,0.0239,143.2474,50.4545,2.3254
343.4,90.1,45.77,33.76,20.47,48.65,722.6,7.7,89.1,1.96,4.62,1.32,3.7,0.2514,2.5634,49.1947,141.7503,463.0927,49.7554,23.8667,0.3493,19.421,0,13266.2255,489.8021,-0.0104,0.0499,66.7639,5.8039,0.0147,0,10465447.25,33.1039,27.7985,0.1116,10.975,2.4721,71.6341,-1.3588,0.0243,143.5099,49.5912,2.3279
296.7,90.1,47.54,30.4,22.06,47.8,733.6,4.8,89.4,1.97,4.7,1.3,3.71,0.2517,2.564,49.1706,141.7979,462.7439,49.8425,24.1857,0.3493,19.8484,0,11586.335,489.8622,-0.0115,0.0499,66.8526,5.8042,0.0149,0,10366393.25,33.0813,28.0535,0.1117,10.9616,2.4735,71.658,-1.3557,0.0246,143.6849,49.0156,2.3295
296.7,89.9,47.54,30.4,22.06,47.8,733.6,4.7,88.8,1.99,4.43,1.21,3.28,0.2519,2.5645,49.1466,141.8454,462.3951,49.9297,24.5048,0.3492,20.2757,0,9906.4427,489.9224,-0.0126,0.0499,66.9413,5.8045,0.0152,0,10267339.25,33.0587,28.3085,0.1117,10.9483,2.4749,71.6819,-1.3526,0.0249,143.8599,48.4401,2.3311
296.7,90.4,47.54,30.4,22.06,47.8,733.6,3.4,89.3,2.14,4.73,1.29,3.51,0.2347,2.5643,50.0482,143.8827,461.1572,47.6854,24.1427,0.3505,21.0453,0,7386.6044,507.1253,-1.1011,0.05,66.5627,5.7818,0.0142,0,10086623.75,32.5996,17.8983,0.1101,10.9421,2.4758,71.6979,-1.3465,-1.0887,143.4041,47.6929,1.2217
252.1,91.4,45.51,32.31,22.18,46.94,725.3,3.2,90.1,2.33,4.77,1.57,3.86,0.2381,2.5662,49.9227,144.6101,458.6545,47.9227,26.0576,0.3499,21.5368,0,5706.7118,501.5377,-1.0567,0.05,66.933,5.7895,0.0145,0,9959959.625,34.2642,18.8573,0.1101,10.9614,2.4778,72.0552,-1.3611,-1.0384,142.8655,47.8673,1.2717
252.1,90.7,45.51,32.31,22.18,46.94,725.3,3.2,89.6,1.6,3.63,0.72,2.89,0.2368,2.5639,50.4842,146.3787,448.5993,46.652,22.6654,0.3553,21.5256,0,4026.8199,496.8657,-1.9408,0.0503,66.5281,5.7083,0.0138,0,9841203.725,34.0586,28.4112,0.1096,10.8697,2.4743,71.4883,-1.3598,-1.9484,142.931,47.9553,0.3561
210.6,90.6,44.28,33.83,21.89,47.22,730.8,3.2,89.3,2.1,4.32,1.31,3.24,0.2387,2.5703,50.0386,147.7386,448.1391,47.8172,23.8191,0.3495,20.6649,0,1506.981,498.8019,-0.9404,0.05,67.5427,5.7961,0.0138,0,9651028.85,32.9686,18.1452,0.11,11.4689,2.482,70.6698,-1.3957,-0.9265,142.6634,47.5395,1.3894
210.6,90.4,44.28,33.83,21.89,47.22,730.8,4.7,89.2,1.62,3.94,1.07,3.1,0.2392,2.5677,49.9586,147.2182,447.1371,47.4972,25.7523,0.3506,25.684,0,19.9248,494.6589,-1.0237,0.05,67.3817,5.7997,0.0172,0,9525680.2,35.2039,20.0685,0.1099,10.5402,2.4781,70.9944,-1.3782,-1.0153,142.7564,47.5603,1.3012
210.6,90.5,44.28,33.83,21.89,47.22,730.8,3.2,89.2,1.93,4.42,0.9,3.1,0.2395,2.5408,49.9629,143.8301,447.9838,47.5717,28.6871,0.35,25.7508,0,20.8166,493.7492,-0.9481,0.05,67.682,5.7998,0.0171,0,9405890.7,36.7905,17.0073,0.1099,10.5632,2.4516,73.576,-1.3803,-0.9336,145.4221,47.9825,1.3501
210.6,90.2,44.28,33.83,21.89,47.22,730.8,3.2,89,1.71,4.44,1.31,3.63,0.241,2.5397,49.8852,142.7869,449.0669,47.2736,25.3134,0.3503,21.4688,0,22.1541,503.5424,-0.9555,0.05,67.0963,5.7984,0.014,0,9228354.875,34.6896,21.2472,0.11,10.7998,2.4468,71.7648,-1.3809,-0.953,143.1773,51.4446,1.3357
210.6,90.1,44.28,33.83,21.89,47.22,730.8,3.2,89,2.61,4.32,1.76,3.02,0.2394,2.5367,50.0482,141.9141,448.8883,47.5579,25.0284,0.3502,22.749,0,23.0459,504.707,-0.9693,0.05,66.724,5.7978,0.0155,0,9093424.775,33.1795,20.1522,0.11,10.6983,2.4438,70.7287,-1.3662,-0.9608,143.5227,51.4457,1.3142
210.6,90.4,44.28,33.83,21.89,47.22,730.8,3.2,89.09,1.55,4.02,0.85,3.18,0.2541,2.5628,49.8596,142.5374,447.066,47.5503,29.4548,0.3499,28.0536,0,23.9376,506.3959,-0.9117,0.05,67.4739,5.8008,0.0193,0,8952925.9,35.5708,20.731,0.1101,11.5068,2.4703,73.3605,-1.3487,-0.8985,143.2939,51.205,1.4013
275.3,89.9,51.8,27.47,20.73,48.04,724.6,5.1,88.59,1.43,3.27,0.65,2.92,0.2415,2.5383,50.0086,140.8448,449.1113,47.2604,26.5022,0.3507,24.1462,0,8.9644,507.3695,-0.9296,0.05,66.4107,5.8015,0.0178,0,8764582.875,33.1548,19.7312,0.1098,11.0793,2.4447,71.6628,-1.3841,-0.9286,143.1079,52.5422,1.3553
275.3,89.8,51.8,27.47,20.73,48.04,724.6,3.3,88.6,1.47,3.19,0.49,2.74,0.2447,2.5422,50.0237,144.0928,447.405,47.6268,30.2414,0.3466,29.2999,0,2.3214,508.6386,-0.9205,0.05,66.9568,5.8026,0.0217,0,8630495.775,34.697,22.7431,0.1103,11.0492,2.4486,73.9358,-1.3816,-0.9221,143.5043,52.3796,1.3794
275.3,90,51.8,27.47,20.73,48.04,724.6,4.9,88.8,1.35,3.23,0.81,3.07,0.2403,2.5428,49.9736,143.3848,444.7264,47.6316,26.6868,0.3503,26.2496,0,110.1111,499.7474,-0.8629,0.05,66.5919,5.802,0.0221,0,8506656.7,33.9869,24.6164,0.11,10.7993,2.4491,70.8557,-1.3427,-0.8595,143.332,52.1139,1.4288
275.3,90.3,51.8,27.47,20.73,48.04,724.6,5.7,89.02,1.32,3.64,0.62,2.72,0.2477,2.5389,50.0057,142.1103,444.7106,47.6666,29.0824,0.3492,25.3228,0,41.3365,491.6308,-0.8781,0.05,66.9587,5.7984,0.0205,0,8335430.075,33.9816,22.9376,0.1099,11.3751,2.4462,72.9661,-1.3575,-0.8731,143.6363,52.0683,1.4093
288.9,90.5,46.9,33.22,19.88,48.58,726,3.2,89.28,1.62,4.24,0.85,2.87,0.2357,2.5601,50.1096,142.3795,445.6827,47.4047,25.7035,0.35,26.0494,0,40.194,489.6192,-0.8537,0.05,66.6659,5.7895,0.0189,0,8225363.675,33.2048,22.3011,0.1098,10.9386,2.4678,71.5956,-1.377,-0.8547,142.6679,52.5274,1.4548
288.9,90.2,46.9,33.22,19.88,48.58,726,3.8,88.99,1.44,4.21,0.51,2.85,0.2375,2.5565,50.1227,141.1545,443.6137,47.8242,30.6564,0.3498,26.1856,0,39.0515,505.7575,-0.8888,0.05,67.6423,5.7685,0.0188,0,8117122.65,34.7701,18.6361,0.1099,10.8751,2.4657,71.9068,-1.3425,-0.8833,142.8222,50.1976,1.428
288.9,90.3,46.9,33.22,19.88,48.58,726,3.5,89.08,2.7,3.98,0.53,1.43,0.2385,2.5597,50.0104,143.4681,441.946,47.6634,28.9813,0.3499,26.1286,0,37.3378,499.8283,-0.8961,0.05,67.7541,5.7737,0.0201,0,7962948.675,35.438,18.7218,0.1099,11.0985,2.4697,72.0055,-1.3675,-0.8937,143.1107,50.2439,1.4227
302.1,90.1,43.7,32.31,23.99,48.58,727.3,4.6,88.89,1.42,3.78,0.44,2.26,0.2405,2.5557,50.0752,141.062,441.0304,47.4301,29.4017,0.3501,26.075,0,36.1953,500.1236,-0.9493,0.05,67.2518,5.78,0.0196,0,7852996.225,35.0425,20.8637,0.11,10.9955,2.465,71.7109,-1.3778,-0.9541,143.1452,51.0347,1.3584
302.1,89.9,43.7,32.31,23.99,48.58,727.3,4.9,88.59,1.47,3.83,0.77,2.88,0.2363,2.5603,49.9624,144.5144,440.1906,47.4232,31.2126,0.35,29.6467,0,35.0528,508.84,-0.9451,0.05,67.6577,5.7806,0.0223,0,7746926.95,35.3541,21.2879,0.11,11.1689,2.47,73.3881,-1.3683,-0.94,143.5642,50.5965,1.3696
302.1,90.3,43.7,32.31,23.99,48.58,727.3,4,89.06,2.61,4.13,0.38,2.21,0.2487,2.5193,50.0632,139.3879,440.1148,47.479,28.0837,0.3499,26.8362,0,33.339,507.1787,-0.8844,0.05,66.0223,5.7846,0.0202,0,7596722.075,34.7236,21.2496,0.1101,11.4199,2.4304,72.5141,-1.3733,-0.874,143.6671,50.6429,1.3842
324.6,90.3,49.99,30.83,19.18,44.21,726.7,5.1,89.06,1.42,4.05,0.37,2.05,0.2569,2.5194,50.0237,136.6319,441.9867,47.5495,29.5817,0.3499,29.4738,0,32.1966,494.32,-0.9403,0.05,65.0914,5.7942,0.0208,0,7497054.125,34.8126,19.2862,0.1101,11.6235,2.4281,72.7145,-1.372,-0.9391,143.227,51.5276,1.3394
324.6,89.7,49.99,30.83,19.18,44.21,726.7,3.2,88.26,1.59,3.95,0.67,2.5,0.2537,2.5253,49.4635,138.2684,439.6816,48.4312,29.4311,0.353,29.1017,0,31.0541,496.0367,-0.4292,0.05,65.1092,5.8063,0.0223,0,7400555.025,33.3895,19.4244,0.1099,10.2323,2.4343,72.8168,-1.3746,-0.4055,143.0916,52.0479,1.8574
324.6,89.7,49.99,30.83,19.18,44.21,726.7,7.8,88.96,1.69,3.92,0.46,1.87,0.271,2.521,50.0002,135.8596,449.5255,43.7519,28.2796,0.3506,27.4648,0,29.3403,505.4243,-1.0268,0.05,65.5798,5.7953,0.0208,0,7249981.275,31.7695,19.3767,0.1103,11.6581,2.4293,72.4884,-1.381,-1.0256,143.4243,52.659,1.2466
300.7,89.7,46.85,30.49,22.66,44.21,734.9,6.5,88.46,4.31,4.75,1.75,3.77,0.2738,2.5327,49.9409,135.248,439.3198,48.3206,27.8996,0.3512,28.1813,0,28.1978,511.5728,-1.0355,0.05,67.1689,5.7974,0.0216,0,7165380.75,31.5472,20.2676,0.1101,11.2627,2.4457,72.3356,-1.3831,-1.0258,143.1625,48.0602,1.2618
300.7,89.4,46.85,30.49,22.66,44.21,734.9,7.8,88.16,1.54,3.73,0.4,2.02,0.2626,2.5461,50.2165,138.1116,433.0368,48.1005,31.5573,0.348,30.6797,0,27.0553,490.9898,-0.9707,0.05,68.0921,5.8034,0.0245,69.5772,7074648.025,34.3541,21.458,0.11,11.4983,2.459,72.0033,-1.3251,-0.973,143.0531,48.4213,1.3312
300.7,89.6,46.85,30.49,22.66,44.21,734.9,4.5,88.26,1.57,3.51,0.39,2.15,0.2706,2.5409,50.074,136.2263,444.8358,47.8662,32.4314,0.3501,32.4693,0,25.3416,500.7173,-1.0355,0.05,66.9456,5.7992,0.0269,79.7602,6931118.525,34.2433,20.3223,0.1099,10.7414,2.4526,69.8989,-1.3509,-1.0363,142.8511,49.1607,1.2667
251.6,89.3,49.9,29.53,20.57,57.37,724,3.2,87.96,2.6,3.57,1.74,2.98,0.253,2.548,50.0705,140.7071,444.3547,47.9466,31.1724,0.3504,30.8992,0,24.1991,501.4209,-0.9529,0.05,66.7084,5.8003,0.0247,81.0669,6839222.5,34.6807,21.2892,0.1101,10.7953,2.4599,68.6369,-1.3716,-0.9621,141.7349,49.7887,1.3557
251.6,89.8,49.9,29.53,20.57,57.37,724,5.4,88.96,1.44,2.94,0.33,1.81,0.2627,2.5446,49.9414,136.6289,442.4249,49.371,30.7108,0.3491,29.3546,0,23.0566,502.1337,-0.9336,0.05,68.7595,5.8003,0.0252,66.0656,6747361.7,34.3397,23.2057,0.1099,10.8686,2.4559,70.3644,-1.3701,-0.9257,142.836,49.967,1.3677
251.6,89.7,49.9,29.53,20.57,57.37,724,3.2,88.36,4.93,4.64,2.17,4.13,0.2813,2.5433,49.9243,134.0729,443.0222,49.0448,29.5228,0.3001,28.1238,0,21.3429,497.793,-1.074,0.05,65.0825,5.8006,0.025,114.1463,6617548.05,32.8856,23.5284,0.1099,10.8539,2.4541,68.9502,-1.367,-1.0687,142.5624,51.14,1.2228
235.1,90,48.34,29,22.66,57.37,724.4,3.2,88.66,1.19,3.46,0.4,2.16,0.2548,2.5646,49.9976,143.3213,436.4444,49.2963,31.2013,0.3001,31.3345,0,20.2004,492.6549,-0.9275,0.05,123.5496,5.8018,0.0262,118.7,6520787.775,34.7378,27.4848,0.1097,11.2325,2.4745,69.4585,-1.3656,-0.9214,143.0447,50.1279,1.3963
235.1,89.7,48.34,29,22.66,57.37,724.4,3.2,88.46,4.44,7.08,1.31,4.85,0.2526,2.5654,50.0371,143.1251,452.1055,48.8238,30.7365,0.2992,30.4406,0,19.0579,496.5194,-0.9471,0.05,122.9261,5.8031,0.0271,118.9022,6420515.675,34.4515,25.997,0.1101,11.2908,2.475,69.6884,-1.3696,-0.9451,142.7947,50.7528,1.3766
235.1,89.4,48.34,29,22.66,57.37,724.4,3.8,88.09,6.89,10.12,0.56,4.11,0.2543,2.5576,50.0733,143.1411,499.0368,49.088,33.7841,0.2985,32.4463,0,17.3442,499.8695,-1.0178,0.05,123.946,5.8043,0.0281,120.6169,6276167.775,35.0647,24.4582,0.1099,10.6129,2.4652,68.9316,-1.3572,-1.0093,141.7297,51.2923,1.2971
251.9,90,47.1,31.2,21.7,56.55,725.2,5.6,88.69,1.51,4.35,0.77,3.13,0.2523,2.5612,50.0048,144.819,428.9513,48.8414,32.0743,0.2998,29.6951,0,16.2017,485.625,-0.9008,0.05,124.5117,5.8047,0.0271,118.2199,6187695.625,34.8561,27.4106,0.1101,10.9861,2.4685,71.2435,-1.3744,-0.9056,142.2359,52.4764,1.4107
251.9,89.9,47.1,31.2,21.7,56.55,725.2,4.8,88.8,2.98,7.58,1.17,6.72,0.2478,2.5738,50.0457,147.9354,425.9431,48.6745,36.5931,0.3004,32.9711,0,15.0592,507.6847,-1.0211,0.05,125.4984,5.8045,0.0291,132.5735,6103092.525,37.5174,25.7392,0.1097,10.8125,2.4816,71.3299,-1.3596,-1.0178,142.2352,51.5066,1.3051
251.9,90,47.1,31.2,21.7,56.55,725.2,3.4,88.72,1.12,5.58,0.37,3,0.2629,2.5794,49.9022,144.1082,401.571,49.3647,34.8122,0.2987,32.4596,0,17.6172,508.9805,-1.0203,0.05,71.4112,5.8075,0.0281,122.9586,5967568.15,35.2188,24.2861,0.11,10.8028,2.4873,73.6063,-1.3608,-1.0155,141.8705,52.6895,1.317
206.4,89.5,45.09,31.04,23.87,55.73,728.1,4.4,88.45,5.15,7.47,1.34,6.07,0.2505,2.6078,50.0265,152.1382,422.1875,49.2996,34.5637,0.2998,31.8039,0,18.2289,495.1404,-0.9633,0.05,68.4924,5.7887,0.0279,110.1696,5859339.725,36.7086,25.6313,0.1098,11.0925,2.5172,72.6235,-1.362,-0.9526,141.8422,51.5726,1.4067
206.4,89.2,45.09,31.04,23.87,55.73,728.1,3.2,88.12,1.29,10.12,0.58,5.64,0.2515,2.6054,49.9951,151.9343,442.3336,49.4688,35.0818,0.2993,32.4417,0,18.8405,486.408,-1.017,0.05,69.0061,5.7699,0.0284,97.3336,5755842.725,36.7749,21.416,0.11,11.3849,2.517,73.8108,-1.3572,-1.0118,142.1219,49.4119,1.3444
206.4,89.9,45.09,31.04,23.87,55.73,728.1,4.3,88.75,1.11,6.83,0.37,5.89,0.2478,2.581,49.9804,145.9555,448.3318,49.2326,34.9925,0.305,32.3105,0,19.758,484.9069,-0.9002,0.05,72.3635,5.7765,0.0277,199.1153,5608772.25,35.8309,21.8455,0.11,11.2389,2.4914,73.0743,-1.3555,-0.9134,142.8042,50.9951,1.4244
217.9,89.9,50.88,27.64,21.48,56.28,726.3,3.5,88.76,6.95,7.52,1.86,4.53,0.2771,2.5643,50.3415,130.5796,431.6658,48.7819,32.6872,0.3002,33.058,0,20.3696,478.6958,-1.2364,0.05,69.9273,5.7768,0.0273,185.8552,5515069.25,34.6676,19.4626,0.11,11.2425,2.4735,74.076,-1.3589,-1.237,144.2781,51.0098,1.0925
199,89.3,60.06,14.93,25.02,53,726.5,3.2,88.18,3.61,4.8,1.25,3.37,0.273399128,2.528870425,50.7622595,136.3525075,457.9709125,44.7012055,35.93894625,0.304298908,35.06448225,0,23.12195475,490.7750375,-0.899306743,0.050173917,68.904645,5.807050575,0.034181505,190.6942,5149259,36.8039665,10.92505425,0.11356136,10.62899025,2.437808125,65.93862625,-1.35920765,-0.908777833,143.370145,51.67095,1.3473398
217.9,89.4,50.88,27.64,21.48,56.28,726.3,7.2,88.36,4.06,7.79,1.08,5.35,0.2637,2.5691,50.9802,134.8675,433.5581,48.1403,36.2435,0.2917,35.6996,0,21.8987,488.0954,-0.2628,0.05,69.5732,5.8021,0.0348,193.0923,5298983.325,37.1122,3.6997,0.11,11.6349,2.4785,73.8205,-1.3556,-0.2653,144.5422,49.8426,2.0425
252.7,89,49.61,25.37,25.02,53,733.5,7.4,87.88,3.99,7.68,1.17,5.58,0.2685,2.549,50.8712,135.61,445.7645,46.4208,36.0912,0.298,35.382,0,22.5103,489.4352,-0.5811,0.0501,69.2389,5.8046,0.0345,191.8933,5224121.15,36.9581,7.3124,0.1118,11.1319,2.4582,69.8796,-1.3574,-0.587,143.9562,50.7568,1.6949
199,89.3,60.06,14.93,25.02,53,726.5,3.2,88.18,3.61,4.8,1.25,3.37,0.2734,2.5289,50.7623,136.3525,457.9709,44.7012,35.9389,0.3043,35.0645,0,23.122,490.775,-0.8993,0.0502,68.9046,5.8071,0.0342,190.6942,5149259,36.804,10.9251,0.1136,10.629,2.4378,65.9386,-1.3592,-0.9088,143.3701,51.671,1.3473
252.7,89.3,49.61,25.37,25.02,53,733.5,5.2,88,6.1,8.55,2.06,5.55,0.2807,2.4987,50.5988,137.4663,476.2805,42.1219,35.7105,0.3138,34.5882,0,24.0394,492.7848,-1.3767,0.0503,68.4033,5.8108,0.0337,188.8956,5036966,36.5728,16.344,0.1162,9.8746,2.4073,60.0272,-1.3619,-1.3914,142.4911,53.0422,0.8259
85.9,89.3,49.63,29.38,20.99,50.81,727,10.6,88.22,1.3,5.61,0.49,4.63,0.2856,2.4786,50.4899,138.2088,488.4869,40.4023,35.5583,0.3201,34.2706,0,24.651,494.1246,-1.6949,0.0504,68.069,5.8133,0.0334,187.6966,4962103.95,36.4187,19.9567,0.118,9.3716,2.3869,56.0863,-1.3637,-1.7131,141.9051,53.9564,0.4783
85.9,88.7,49.63,29.38,20.99,50.81,727,3.2,87.52,2.55,10.1,1.11,7.33,0.2904,2.4585,50.3809,138.9513,500.6934,38.6827,35.406,0.3264,33.9531,0,25.2627,495.4644,-2.0132,0.0505,67.7348,5.8158,0.0331,186.4975,4887241.8,36.2645,23.5694,0.1198,8.8687,2.3666,52.1454,-1.3655,-2.0349,141.319,54.8706,0.1307
85.9,89,49.63,29.38,20.99,50.81,727,3.2,87.72,8.92,12.28,3.66,8,0.2685,2.4669,49.9181,137.9042,499.0041,40.7601,34.5791,0.32,32.3922,0,26.1801,495.1564,-1.051,0.05,75.7617,5.7703,0.0325,164.732,4761177.7,35.9776,18.7032,0.11,7.3283,2.3756,51.9479,-1.354,-1.0468,142.8924,52.5083,1.1809
118.3,89,50.78,26.4,22.82,49.72,726.5,3.2,87.85,7.77,10.68,2.03,7.36,0.2717,2.4681,50.003,138.9961,499.8054,41.2696,33.8587,0.2807,31.7329,0,26.7918,503.5462,-0.8614,0.05,75.4908,5.7696,0.0064,142.7036,4676557.425,37.1295,18.1309,0.11,7.7179,2.3764,52.3028,-1.3411,-0.8502,140.8451,52.6024,1.3644
118.3,89.1,50.78,26.4,22.82,49.72,726.5,3.2,87.85,6.78,8.21,2.82,5.63,0.2814,2.4704,49.9478,139.1243,498.0072,41.2485,33.8901,0.28,29.4516,0,27.4034,508.4577,-0.9411,0.05,72.415,5.779,0.0061,142.4742,4600520.025,36.8861,19.0238,0.1101,8.1657,2.3774,52.2159,-1.3414,-0.9304,142.1127,53.8005,1.291
118.3,88.6,50.78,26.4,22.82,49.72,726.5,6.1,87.95,1.71,4.93,0.3,7.53,0.2875,2.4713,50.0698,138.9807,493.3526,43.3141,31.1179,0.2801,26.5829,0,28.3209,501.1302,-0.8976,0.05,68.5468,5.7949,0.0059,143.9418,4472292.075,34.6828,21.4078,0.11,7.8181,2.3745,48.9025,-1.3513,-0.887,137.7653,56.7946,1.3309
210.9,89.7,46.3,33.01,20.69,56.28,723.9,8.5,88.62,6.39,6.93,0.38,6.79,0.2462,2.5881,50.0042,147.5065,492.9793,49.8545,31.2158,0.3056,25.8924,0,28.9325,470.5708,-0.718,0.05,72.681,5.7874,0.0064,141.5867,4367671.8,35.9512,22.3861,0.11,11.1314,2.4974,74.0787,-1.3607,-0.7361,143.9598,54.7377,1.6154
210.9,90,46.3,33.01,20.69,56.28,723.9,6,88.85,1.61,4.59,0.25,3.11,0.2573,2.5673,50.076,146.3495,492.9156,50.1691,31.1293,0.3011,25.5952,0,29.5441,505.7418,-1.0708,0.05,72.0878,5.7979,0.006,142.9366,4268394.8,34.9799,24.2821,0.11,10.7712,2.4728,74.1168,-1.3587,-1.0716,143.374,55.9675,1.2442
210.9,90,46.3,33.01,20.69,56.28,723.9,6.3,88.75,4.9,8.27,2.17,6.82,0.2591,2.5416,49.8776,148.034,493.0952,50.2653,31.0613,0.2965,25.1507,0,30.4616,499.9245,-1.027,0.05,72.0656,5.8044,0.0059,142.502,4123995.225,34.943,23.3255,0.1102,11.6776,2.447,74.662,-1.3604,-1.0333,141.7544,57.3616,1.2597
245.6,89.8,47.33,32.7,19.97,55.81,726.4,10.4,88.72,7.15,9.88,2.45,6.6,0.254,2.5297,49.9716,144.4996,492.4424,51.2593,30.7036,0.2975,26.5738,0,31.0732,497.706,-0.9363,0.05,72.0998,5.7855,0.0058,141.7187,4031313.9,34.985,22.8593,0.1095,11.2493,2.4424,74.4546,-1.3686,-0.931,143.3141,51.9304,1.3489
245.6,89.7,47.33,32.7,19.97,55.81,726.4,7.4,88.62,6.22,9.61,3.1,9.53,0.2498,2.5133,49.9405,142.86,489.4525,49.898,30.3987,0.2987,26.1389,0,31.6848,508.1983,-0.8327,0.05,70.3801,5.8007,0.0059,140.9763,3947766.95,34.4211,28.0343,0.1099,10.4233,2.4238,73.4129,-1.3645,-0.8325,141.368,52.0622,1.4288
245.6,89.9,47.33,32.7,19.97,55.81,726.4,7,88.7,5.57,8.76,2.35,5.9,0.2551,2.5089,49.701,137.4772,491.6979,50.1098,28.6268,0.3087,24.0836,0,32.6023,499.9992,-0.8588,0.05,69.0191,5.3068,0.0056,143.0223,3789895.65,32.7854,23.6333,0.1102,9.4195,2.4184,72.677,-1.3587,-0.8668,144.6364,54.3937,1.3998
245,89.8,45.69,34.67,19.64,58,725.3,4.4,88.65,3.37,8.6,0.28,3.48,0.2517,2.513,49.9949,146.2477,494.4714,50.3948,28.523,0.2997,22.9685,0,33.2139,503.9652,-0.87,0.05,70.955,5.7655,0.0063,142.3894,3675311.325,33.2511,27.7085,0.11,10.3504,2.4227,72.3458,-1.3608,-0.8679,142.3864,54.8319,1.3953
245,90.3,45.69,34.67,19.64,58,725.3,3.5,89.05,3.33,6.29,3.15,6.18,0.2584,2.5144,49.8729,143.3393,494.488,51.5688,28.2258,0.299,23.9819,0,33.8256,495.6441,-0.7879,0.05,69.5594,5.7971,0.0061,140.3838,3558968.525,32.8793,26.5257,0.1098,10.6406,2.422,71.9962,-1.3773,-0.7972,141.9347,56.9204,1.4759
245,89.8,45.69,34.67,19.64,58,725.3,8.4,88.65,3.97,8.46,3.57,8.85,0.2508,2.4875,49.9148,148.2764,484.6999,49.8389,31.4305,0.2955,26.0657,0,26.411,475.506,-0.8816,0.05,70.4769,5.7967,0.0057,141.8907,3403010.25,35.8731,27.977,0.1101,10.5249,2.3962,73.5641,-1.3587,-0.8899,141.7076,55.8085,1.3506
254.7,90.4,43.24,33.9,22.86,60.73,724.3,4.2,89.15,6.4,10.95,3.29,6.99,0.2651,2.4741,49.9997,139.3203,494.3931,51.4285,27.3241,0.2987,23.7747,0,24.5252,495.0313,-0.7452,0.05,66.9716,5.8043,0.006,142.1511,3296502.15,32.4816,26.2989,0.1099,10.3458,2.38,71.7798,-1.3667,-0.7443,141.7163,58.0356,1.4801
254.7,90.3,43.24,33.9,22.86,60.73,724.3,3.2,88.65,3.18,8.42,1.88,5.49,0.2492,2.4807,50.0267,146.5551,490.4722,51.2731,34.0352,0.2998,26.6446,0,23.763,488.779,-0.8492,0.05,73.4673,5.8059,0.0056,141.476,3253918.4,37.8052,27.2025,0.11,10.5374,2.3874,76.0549,-1.3345,-0.8582,144.0096,57.4221,1.381
254.7,90,43.24,33.9,22.86,60.73,724.3,5,88.95,3.99,8.73,1.78,5.44,0.2635,2.5039,49.9724,138.9297,490.798,51.227,28.8838,0.3006,24.7372,0,-24767.4589,495.4174,-0.7915,0.05,69.3153,5.7802,0.0057,146.0699,3183512.85,34.7602,25.026,0.11,10.4814,2.4089,73.4155,-1.3859,-0.7967,143.9293,59.5661,1.4562
254.7,90.7,43.24,33.9,22.86,60.73,724.3,5.9,89.52,4.82,10.43,4.15,7.82,0.257,2.4888,49.9936,140.0527,492.5378,50.9048,29.7336,0.3002,26.0559,0,25.9709,490.9188,-0.8251,0.05,69.1699,5.7896,0.0059,146.3712,3004908.45,34.6008,39.7969,0.1107,10.7273,2.3996,72.0701,-1.3896,-0.8393,142.5217,53.2008,1.4119
254.7,90.8,43.24,33.9,22.86,60.73,724.3,4.9,89.75,4.76,8.4,2.62,7.1,0.2751,2.4869,50.0146,140.1277,489.3445,50.2129,33.1969,0.2995,27.6138,0,25.9709,488.038,-0.9981,0.05,70.7711,5.7994,0.0058,146.988,2929399.725,36.5489,22.8691,0.1102,11.045,2.4006,73.2163,-1.3585,-0.9926,142.9858,50.7799,1.2459
254.7,90.1,43.24,33.9,22.86,60.73,724.3,9,89.05,4.76,8.4,2.62,7.1,0.2555,2.4877,50.3609,144.3374,491.4415,50.5288,29.7628,0.3011,24.27,0,25.9709,511.5041,-0.9996,0.05,69.2976,5.7678,0.0057,146.4837,2835041.5,34.6687,26.2289,0.11,10.776,2.4011,72.5208,-1.3512,-1.0043,141.99,51.0755,1.239
331.1,90,46.76,34.65,18.59,53.62,716.8,3.2,88.75,5.42,11.05,3.33,7.7,0.2556,2.4683,50.0265,140.1337,488.7416,50.5521,28.0129,0.2987,22.5115,0,25.9709,504.3788,-1.0189,0.05,66.1238,5.773,0.0061,145.9479,2674818,35.204,27.7461,0.1098,10.4002,2.3798,73.9679,-1.3512,-1.0249,143.3939,52.5615,1.2044
331.1,89.4,46.76,34.65,18.59,53.62,716.8,4.7,88.32,4.65,9.88,1.92,5.94,0.2502,2.4678,49.9581,140.2577,491.4512,49.5875,27.4367,0.2985,22.4813,0,25.9709,481.8788,-0.7876,0.05,66.5569,5.7958,0.0059,147.836,2560704.1,36.3119,34.3619,0.1103,10.3856,2.3795,74.3176,-1.3754,-0.7797,143.5829,53.0677,1.4351
331.1,90.1,46.76,34.65,18.59,53.62,716.8,3.2,88.82,5.12,9.65,2.4,6.26,0.272,2.4359,49.977,136.0351,484.2369,48.0973,30.0296,0.3,24.3592,0,25.9709,508.3669,-0.9805,0.0499,70.264,5.8037,0.0055,149.3999,2458839.525,37.55,37.9087,0.1301,10.2549,2.3458,73.3682,-1.3593,-0.9833,141.7267,53.6036,1.1841
331.1,89.8,46.76,34.65,18.59,53.62,716.8,7.6,88.56,6.62,10.77,4.64,8.51,0.2651,2.418,50.0878,130.7088,483.6569,50.6922,26.7069,0.3025,23.1038,0,25.9709,498.1433,-0.8058,0.05,68.9684,5.8049,0.0058,147.1523,2326424.7,36.0742,43.8196,0.1101,10.0594,2.3276,71.7893,-1.3641,-0.8093,145.9623,54.7198,1.3595
373.7,90.1,43.42,32.52,24.06,59.09,735.3,6.2,88.95,5.19,9.38,3.27,6.73,0.2563,2.4166,49.9468,138.8549,484.2037,50.1809,28.4716,0.301,20.708,0,25.9709,504.5643,-0.8627,0.05,70.6533,5.7885,0.0059,144.5196,2241460.8,37.1622,43.6832,0.1101,10.1592,2.3263,71.8574,-1.3685,-0.8622,143.3374,53.928,1.303
392,90.3,55.05,20.89,24.06,59.09,725.2,8.5,89.05,3.77,9.24,3.45,7.29,0.261936248,2.41705575,50.027934,139.23938,482.2665025,53.51562375,27.14438475,0.29741812,22.2489015,0,25.97086,498.2706575,-0.747820027,0.049993714,69.1412115,5.79974815,0.006042942,147.1657375,2149491.8,35.71288125,44.89869875,0.110070785,10.39226693,2.327351575,71.105941,-1.386547075,-0.744100605,142.2580525,54.73338575,1.418708907
373.7,89.9,43.42,32.52,24.06,59.09,735.3,5.5,88.75,6.84,10.34,3.8,7.74,0.263,2.4209,49.928,138.4455,483.0559,49.6169,25.6577,0.2987,23.4588,0,25.9709,464.2353,-0.976,0.05,68.5001,5.7984,0.0064,148.4523,2022530.475,35.5787,41.3025,0.1096,10.0554,2.335,70.261,-1.4092,-0.9746,141.8713,51.4046,1.193
348.4,90.4,46.58,32.35,21.07,60.19,724.2,3.3,89.25,11.09,14.16,6.12,10.62,0.2487,2.3871,49.9041,143.8014,485.1245,49.9481,29.7996,0.2994,21.9625,0,-2096880.85,494.0382,-1.0327,0.05,71.7763,5.7648,0.0445,148.169,1942106.675,37.3234,44.6555,0.1102,9.4836,2.3018,72.1232,-1.362,-1.0198,143.4075,47.5977,1.1122
348.4,89.5,46.58,32.35,21.07,60.19,724.2,9,88.35,5.3,11.1,3.51,5.92,0.2494,2.3916,49.9835,142.4379,470.8757,50.5053,28.1375,0.2983,22.9741,0,-2254757.05,457.0461,-0.9529,0.05,70.4048,5.7979,0.0418,148.8771,1858943.75,36.3106,37.9639,0.1101,10.6243,2.305,74.5244,-1.3794,-0.9419,144.4751,49.4812,1.201
348.4,89.7,46.58,32.35,21.07,60.19,724.2,5.3,88.65,3.69,8.7,3.6,8.24,0.2438,2.3955,49.9665,141.9307,473.1245,50.3443,28.1524,0.2995,26.4578,0,-2491571.225,497.6233,-0.9237,0.05,68.4654,5.8073,3.0997,149.8468,1786583.75,36.1603,44.9586,0.11,10.3768,2.3065,73.4092,-1.3962,-0.9279,143.0011,50.5778,1.2238
348.4,89.7,46.58,32.35,21.07,60.19,724.2,3.3,88.45,12.15,14.31,8.92,12.31,0.242,2.3923,50.0824,142.339,475.1215,50.4593,26.3513,0.2987,25.7973,0,-2649447.375,505.862,-0.9259,0.05,68.6163,5.805,3.098,150.62,1738343.75,36.3353,41.6226,0.1099,10.1828,2.3081,71.2861,-1.3919,-0.9176,143.6628,47.0653,1.2245
271.4,89.8,47.19,31.3,21.51,52.02,725.2,3.3,88.65,11.3,13.03,5.13,13.34,0.2353,2.3932,50.1809,142.8291,476.7334,50.8722,28.1812,0.3005,26.4602,0,-2807323.5,509.8797,-0.9389,0.05,69.6731,5.7905,3.0992,150.135,1690103.75,36.606,40.3019,0.1099,10.1609,2.3086,69.8663,-1.3646,-0.9235,144.2244,47.4021,1.2201
271.4,89.5,47.19,31.3,21.51,52.02,725.2,4.3,88.25,8.46,11.12,7.71,10.63,0.2366,2.3961,50.2477,142.5676,479.0158,52.2138,25.6755,0.3086,24.6836,0,-3044137.7,491.5601,-0.9444,0.05,68.4468,5.7979,3.0989,148.5391,1617743.75,35.2501,38.9531,0.1099,10.1711,2.3109,70.0665,-1.3766,-0.9262,142.6556,48.0337,1.2203
271.4,89.2,47.19,31.3,21.51,52.02,725.2,3.2,88.05,9.45,12.24,8.81,11.7,0.2382,2.3925,50.0091,141.9406,478.7664,51.6066,24.1307,0.2991,23.8546,0,-3202013.85,487.706,-1.0432,0.05,67.6869,5.802,3.1003,150.4416,1569503.75,34.3319,46.2057,0.11,10.3818,2.3092,72.6443,-1.3836,-1.0437,142.8377,47.0003,1.1032
271.4,89.2,47.19,31.3,21.51,52.02,725.2,3.2,87.95,9.09,11.82,8.7,11.58,0.2399,2.3932,49.9771,142.8473,481.1293,51.3358,25.625,0.2963,23.2732,0,-3359889.95,484.9198,-0.829,0.05,68.428,5.7803,3.1008,148.7484,1521263.75,34.7351,46.2338,0.1097,9.9957,2.3083,70.4281,-1.3636,-0.83,143.5332,48.5102,1.3182
271.4,89.4,47.19,31.3,21.51,52.02,725.2,3.2,88.05,5.72,10.96,3.34,7.41,0.2375,2.3987,50.1044,142.3038,480.9849,51.4166,27.1013,0.2986,24.0171,0,-3596704.225,496.2653,-1.0063,0.05,68.7166,5.786,3.1014,150.0954,1448903.75,36.0372,43.4452,0.1104,10.1951,2.3112,69.6434,-1.3751,-1.0048,143.4038,48.8677,1.1431
266,89.4,46.72,33.78,19.5,45.45,730,3.6,88.12,4.33,9.71,3.13,6.97,0.2352,2.3948,50.0375,142.6247,480.8298,51.1371,26.3275,0.2987,23.7212,0,-3754580.3,499.919,-0.9844,0.05,66.7857,5.8,3.1028,149.534,1400663.75,35.1545,43.3643,0.1099,10.4127,2.306,70.3978,-1.3632,-0.9872,142.9033,50.0208,1.1589
266,89.9,46.72,33.78,19.5,45.45,730,11.8,88.65,8.33,11.16,4.82,8.72,0.2389,2.3968,50.1486,143.3767,477.0438,50.9959,29.876,0.2974,27.6842,0,-3912456.5,490.3828,-1.0894,0.05,68.8113,5.8073,3.0965,158.4092,1352423.75,37.7955,41.8993,0.1101,9.8555,2.3062,69.928,-1.3599,-1.0852,144.3733,51.736,1.057
