2017-01-01 02:59:39,538003947,8.8,-118.2478,33.6968,177.0,0,0,0
2017-01-01 03:00:48,538003947,9.2,-118.2476,33.6939,176.8,69.0,0.00019999999999242846,-0.0029000000000038995
2017-01-01 03:01:58,538003947,9.6,-118.2474,33.6909,176.6,70.0,0.0002000000000066393,-0.0030000000000001137
2017-01-01 03:03:08,538003947,9.8,-118.2472,33.6876,176.3,70.0,0.00019999999999242846,-0.003299999999995862
2017-01-01 03:04:19,538003947,10.1,-118.2469,33.6844,175.6,71.0,0.00030000000000995897,-0.003200000000006753
2017-01-01 03:05:28,538003947,10.2,-118.2467,33.6811,176.0,69.0,0.00019999999999242846,-0.003299999999995862
2017-01-01 03:06:38,538003947,9.7,-118.2467,33.6779,186.9,70.0,0.0,-0.0031999999999996476
2017-01-01 03:07:48,538003947,9.1,-118.2477,33.675,201.3,70.0,-0.000999999999990564,-0.0029000000000038995
2017-01-01 03:08:58,538003947,8.7,-118.2492,33.6724,-198.6,70.0,-0.0015000000000071623,-0.0025999999999939405
2017-01-01 03:10:09,538003947,9.6,-118.2512,33.6699,-195.7,71.0,-0.001999999999995339,-0.0025000000000048317
2017-01-01 03:11:10,538003947,10.2,-118.253,33.6676,-195.2,61.0,-0.0018000000000029104,-0.0022999999999981924
2017-01-01 03:12:19,538003947,10.9,-118.2554,33.6647,-194.6,69.0,-0.0023999999999944066,-0.002899999999996794
2017-01-01 03:13:28,538003947,11.0,-118.2579,33.6619,-188.6,69.0,-0.002500000000011937,-0.00280000000000058
2017-01-01 03:14:38,538003947,11.3,-118.2609,33.6593,-185.4,70.0,-0.0030000000000001137,-0.002600000000001046
2017-01-01 03:15:48,538003947,11.6,-118.264,33.6566,-184.4,70.0,-0.0030999999999892225,-0.0027000000000043656
2017-01-01 03:16:58,538003947,11.8,-118.2673,33.6539,-184.4,70.0,-0.0033000000000100727,-0.00269999999999726
2017-01-01 03:18:08,538003947,11.5,-118.2705,33.6513,-181.9,70.0,-0.003199999999992542,-0.002600000000001046
2017-01-01 03:19:20,538003947,11.2,-118.2741,33.649,-172.9,72.0,-0.0036000000000058208,-0.0022999999999981924
2017-01-01 03:20:29,538003947,11.3,-118.2778,33.6471,-170.0,69.0,-0.0036999999999949296,-0.0018999999999991246
2017-01-01 03:21:38,538003947,11.2,-118.2816,33.6453,-167.2,69.0,-0.0037999999999982492,-0.0018000000000029104
2017-01-01 03:22:48,538003947,10.9,-118.2856,33.6441,-154.2,70.0,-0.0040000000000048885,-0.0011999999999972033
2017-01-01 03:23:59,538003947,10.9,-118.2899,33.6435,-145.1,71.0,-0.004300000000000637,-0.0005999999999986017
2017-01-01 03:25:10,538003947,11.1,-118.2942,33.6432,-143.7,71.0,-0.004300000000000637,-0.00030000000000285354
2017-01-01 03:26:18,538003947,11.4,-118.2984,33.643,-142.0,68.0,-0.004199999999997317,-0.00019999999999953388
2017-01-01 03:27:28,538003947,11.6,-118.3029,33.6428,-142.4,70.0,-0.004499999999993065,-0.00019999999999953388
2017-01-01 03:28:39,538003947,11.6,-118.3075,33.6427,-142.3,71.0,-0.004600000000010596,-0.00010000000000331966
2017-01-01 03:29:40,538003947,11.6,-118.3113,33.6426,-141.9,61.0,-0.0037999999999982492,-9.999999999621423e-05
2017-01-01 03:30:48,538003947,11.5,-118.3157,33.6424,-142.1,68.0,-0.004400000000003956,-0.00019999999999953388
2017-01-01 03:31:59,538003947,11.5,-118.3202,33.6422,-142.4,71.0,-0.004499999999993065,-0.00019999999999953388
2017-01-01 03:33:09,538003947,11.5,-118.3247,33.642,-142.1,70.0,-0.004500000000007276,-0.00019999999999953388
2017-01-01 03:34:19,538003947,11.6,-118.3292,33.6419,-141.5,70.0,-0.004499999999993065,-0.00010000000000331966
2017-01-01 03:35:28,538003947,11.5,-118.3336,33.6419,-137.0,69.0,-0.004400000000003956,0.0
2017-01-01 03:36:39,538003947,11.4,-118.338,33.6424,-129.2,71.0,-0.0043999999999897454,0.0005000000000023874
2017-01-01 03:37:48,538003947,11.5,-118.3423,33.6432,-125.3,69.0,-0.004300000000000637,0.0007999999999981355
2017-01-01 03:38:58,538003947,11.6,-118.3467,33.6442,-124.6,70.0,-0.004400000000003956,0.0009999999999976694
2017-01-01 11:32:49,367349430,5.8,-118.2464,33.6978,169.4,0,0,0
2017-01-01 11:33:58,367349430,7.3,-118.2461,33.6956,181.5,69.0,0.0002999999999957481,-0.002200000000001978
2017-01-01 11:35:09,367349430,7.6,-118.2464,33.6932,191.3,71.0,-0.0002999999999957481,-0.002400000000001512
2017-01-01 11:36:20,367349430,7.9,-118.2472,33.6907,195.9,71.0,-0.0008000000000123464,-0.0024999999999977263
2017-01-01 11:37:28,367349430,8.3,-118.2483,33.6883,201.1,68.0,-0.0010999999999938836,-0.002400000000001512
2017-01-01 11:38:40,367349430,8.3,-118.2496,33.6857,202.3,72.0,-0.001300000000000523,-0.002600000000001046
2017-01-01 11:39:49,367349430,8.4,-118.2508,33.6833,201.2,69.0,-0.0011999999999972033,-0.0023999999999944066
2017-01-01 11:40:59,367349430,8.2,-118.252,33.6807,202.6,70.0,-0.0011999999999972033,-0.002600000000001046
2017-01-01 11:42:10,367349430,8.3,-118.2533,33.6783,204.5,71.0,-0.001300000000000523,-0.002400000000001512
2017-01-01 11:43:20,367349430,8.2,-118.2548,33.6759,-198.3,70.0,-0.0015000000000071623,-0.002400000000001512
2017-01-01 11:44:29,367349430,8.1,-118.2566,33.6739,-187.0,69.0,-0.0018000000000029104,-0.001999999999995339
2017-01-01 11:45:49,367349430,8.0,-118.2592,33.6717,-184.2,80.0,-0.002600000000001046,-0.002200000000001978
2017-01-01 11:47:00,367349430,8.1,-118.2613,33.6698,-188.7,71.0,-0.0020999999999986585,-0.0018999999999991246
2017-01-01 11:48:10,367349430,7.9,-118.2632,33.6677,-191.4,70.0,-0.0018999999999920192,-0.0020999999999986585
2017-01-01 11:49:19,367349430,8.0,-118.2652,33.6657,-191.7,69.0,-0.001999999999995339,-0.0020000000000024443
2017-01-01 11:50:20,367349430,7.9,-118.2669,33.664,-188.8,61.0,-0.0017000000000138016,-0.0016999999999995907
2017-01-01 11:51:30,367349430,8.2,-118.2688,33.662,-191.0,70.0,-0.0018999999999920192,-0.0020000000000024443
2017-01-01 11:52:39,367349430,8.1,-118.2708,33.66,-190.9,69.0,-0.001999999999995339,-0.0020000000000024443
2017-01-01 11:53:49,367349430,8.1,-118.2729,33.658,-185.5,70.0,-0.0021000000000128694,-0.001999999999995339
2017-01-01 11:55:00,367349430,8.1,-118.2751,33.6562,-183.9,71.0,-0.0021999999999877673,-0.0018000000000029104
2017-01-01 11:56:09,367349430,8.3,-118.2774,33.6543,-185.6,69.0,-0.002300000000005298,-0.0018999999999991246
2017-01-01 11:57:19,367349430,8.4,-118.2796,33.6524,-185.3,70.0,-0.002200000000001978,-0.0018999999999991246
2017-01-01 11:58:29,367349430,8.2,-118.2819,33.6505,-182.4,70.0,-0.002299999999991087,-0.0018999999999991246
2017-01-01 11:59:40,367349430,8.3,-118.2841,33.6487,-182.0,71.0,-0.002200000000001978,-0.0018000000000029104
2017-01-01 12:00:48,367349430,8.2,-118.2864,33.6469,-183.1,68.0,-0.002300000000005298,-0.001799999999995805
2017-01-01 12:01:59,367349430,8.1,-118.2889,33.6451,-177.0,71.0,-0.0024999999999977263,-0.0018000000000029104
2017-01-01 12:03:10,367349430,7.9,-118.2917,33.644,-159.4,71.0,-0.0028000000000076852,-0.001100000000000989
2017-01-01 12:04:19,367349430,7.4,-118.2947,33.6436,-143.3,69.0,-0.0030000000000001137,-0.00039999999999906777
2017-01-01 12:05:29,367349430,6.3,-118.297,33.6435,-141.9,70.0,-0.002299999999991087,-9.999999999621423e-05
2017-01-01 12:06:38,367349430,6.7,-118.2996,33.6434,-142.0,69.0,-0.002600000000001046,-0.00010000000000331966
2017-01-01 12:07:49,367349430,6.2,-118.3021,33.6433,-143.1,71.0,-0.0024999999999977263,-9.999999999621423e-05
2017-01-01 12:08:58,367349430,3.9,-118.304,33.6432,-146.3,69.0,-0.00190000000000623,-0.00010000000000331966
2017-01-01 12:10:09,367349430,5.4,-118.306,33.6431,-142.8,71.0,-0.001999999999995339,-0.00010000000000331966
2017-01-01 12:11:19,367349430,6.0,-118.3083,33.6429,-142.4,70.0,-0.002300000000005298,-0.00019999999999953388
2017-01-01 12:12:29,367349430,7.1,-118.3109,33.6428,-143.6,70.0,-0.002600000000001046,-9.999999999621423e-05
2017-01-01 12:13:39,367349430,7.7,-118.3137,33.6426,-143.2,70.0,-0.0027999999999934744,-0.00019999999999953388
2017-01-01 12:14:50,367349430,7.7,-118.3168,33.6424,-144.2,71.0,-0.0031000000000034333,-0.00019999999999953388
2017-01-01 12:15:58,367349430,7.9,-118.3198,33.6423,-142.7,68.0,-0.0030000000000001137,-0.00010000000000331966
2017-01-01 12:16:59,367349430,7.9,-118.3224,33.6422,-140.5,61.0,-0.002600000000001046,-9.999999999621423e-05
2017-01-01 12:18:08,367349430,8.0,-118.3255,33.6422,-138.6,69.0,-0.0031000000000034333,0.0
2017-01-01 12:19:20,367349430,7.6,-118.3285,33.6424,-133.8,72.0,-0.0030000000000001137,0.00019999999999953388
2017-01-01 12:20:29,367349430,7.9,-118.3315,33.6427,-131.5,69.0,-0.0030000000000001137,0.0002999999999957481
2017-01-01 12:21:38,367349430,8.0,-118.3345,33.6431,-125.8,69.0,-0.0030000000000001137,0.00039999999999906777
2017-01-01 12:22:50,367349430,7.7,-118.3375,33.6437,-126.7,72.0,-0.0030000000000001137,0.0006000000000057071
2017-01-01 12:23:58,367349430,7.9,-118.3404,33.6444,-123.3,68.0,-0.002899999999996794,0.0006999999999948159
2017-01-01 12:25:09,367349430,7.8,-118.3433,33.6452,-122.2,71.0,-0.002899999999996794,0.000800000000005241
2017-01-01 12:26:20,367349430,7.9,-118.3462,33.6462,-115.2,71.0,-0.002899999999996794,0.0009999999999976694
2017-01-01 12:27:28,367349430,7.9,-118.3489,33.6473,-112.8,68.0,-0.0027000000000043656,0.001100000000000989
2017-01-04 23:44:22,366962000,6.9,-118.2493,33.6985,181.0,0,0,0
2017-01-04 23:45:29,366962000,6.7,-118.2493,33.6963,181.0,67.0,0.0,-0.002200000000001978
2017-01-04 23:46:32,366962000,6.7,-118.2494,33.6944,181.2,63.0,-9.99999999891088e-05,-0.0018999999999991246
2017-01-04 23:47:42,366962000,7.0,-118.2495,33.6921,181.0,70.0,-0.00010000000000331966,-0.0022999999999981924
2017-01-04 23:48:51,366962000,7.7,-118.2495,33.6894,181.0,69.0,0.0,-0.0027000000000043656
2017-01-04 23:50:02,366962000,8.8,-118.2496,33.6864,180.5,71.0,-0.00010000000000331966,-0.0030000000000001137
2017-01-04 23:51:13,366962000,9.8,-118.2497,33.683,180.0,71.0,-0.00010000000000331966,-0.0033999999999991815
2017-01-04 23:52:16,366962000,10.4,-118.2496,33.6799,180.0,63.0,0.00010000000000331966,-0.003099999999996328
2017-01-04 23:53:19,366962000,10.8,-118.2504,33.6768,184.8,63.0,-0.0007999999999981355,-0.0031000000000034333
2017-01-04 23:54:22,366962000,11.0,-118.2521,33.6739,197.0,63.0,-0.0016999999999995907,-0.002899999999996794
2017-01-04 23:55:33,366962000,11.0,-118.255,33.6712,-195.6,71.0,-0.002899999999996794,-0.0027000000000043656
2017-01-04 23:56:43,366962000,11.3,-118.258,33.6685,-185.9,70.0,-0.0030000000000001137,-0.00269999999999726
2017-01-04 23:57:53,366962000,11.5,-118.2612,33.6658,-184.6,70.0,-0.003200000000006753,-0.0027000000000043656
2017-01-04 23:59:03,366962000,11.6,-118.2643,33.6631,-185.0,70.0,-0.0031000000000034333,-0.00269999999999726
2017-01-05 00:00:03,366962000,11.7,-118.267,33.6608,-185.5,60.0,-0.0026999999999901547,-0.0022999999999981924
2017-01-05 00:01:13,366962000,11.8,-118.2702,33.658,-185.6,70.0,-0.003200000000006753,-0.00280000000000058
2017-01-05 00:02:22,366962000,11.8,-118.2734,33.6553,-185.3,69.0,-0.003199999999992542,-0.0027000000000043656
2017-01-05 00:03:33,366962000,11.9,-118.2767,33.6525,-185.4,71.0,-0.0033000000000100727,-0.0027999999999934744
2017-01-05 00:04:42,366962000,11.9,-118.2798,33.6498,-185.5,69.0,-0.0030999999999892225,-0.0027000000000043656
2017-01-05 00:05:53,366962000,11.9,-118.2832,33.647,-185.6,71.0,-0.0033999999999991815,-0.00280000000000058
2017-01-05 00:06:59,366962000,11.9,-118.2862,33.6443,-185.6,66.0,-0.0030000000000001137,-0.00269999999999726
2017-01-05 00:08:03,366962000,11.8,-118.2894,33.6422,-182.9,64.0,-0.003200000000006753,-0.0020999999999986585
2017-01-05 00:09:12,366962000,11.4,-118.2936,33.6411,-167.3,69.0,-0.004199999999997317,-0.001100000000000989
2017-01-05 00:10:22,366962000,11.4,-118.298,33.6409,-149.3,70.0,-0.004400000000003956,-0.00019999999999953388
2017-01-05 00:11:32,366962000,11.6,-118.3025,33.6407,-141.6,70.0,-0.004499999999993065,-0.00019999999999953388
2017-01-05 00:12:42,366962000,11.6,-118.307,33.6403,-143.6,70.0,-0.004500000000007276,-0.00039999999999906777
2017-01-05 00:13:53,366962000,11.7,-118.3115,33.6398,-146.5,71.0,-0.004499999999993065,-0.0005000000000023874
2017-01-05 00:15:02,366962000,11.8,-118.316,33.6393,-147.6,69.0,-0.004500000000007276,-0.0005000000000023874
2017-01-05 00:16:12,366962000,11.9,-118.3206,33.6388,-147.6,70.0,-0.004599999999996385,-0.000499999999995282
2017-01-05 00:17:22,366962000,11.9,-118.3252,33.6384,-146.2,70.0,-0.004599999999996385,-0.0004000000000061732
2017-01-05 00:18:32,366962000,12.0,-118.3299,33.6383,-143.2,70.0,-0.004699999999999704,-9.999999999621423e-05
2017-01-05 00:19:42,366962000,12.0,-118.3346,33.6383,-140.6,70.0,-0.004699999999999704,0.0
2017-01-05 00:20:53,366962000,12.1,-118.3393,33.6386,-136.8,71.0,-0.004699999999999704,0.0002999999999957481
2017-01-05 00:21:56,366962000,12.0,-118.3434,33.6392,-133.6,63.0,-0.004100000000008208,0.0006000000000057071
2017-01-05 00:23:02,366962000,11.8,-118.3474,33.6408,-121.6,66.0,-0.003999999999990678,0.001599999999996271
2017-01-07 12:59:35,366962000,7.6,-118.2483,33.6998,185.0,0,0,0
2017-01-07 13:00:42,366962000,7.9,-118.2485,33.6974,186.3,67.0,-0.0002000000000066393,-0.002400000000001512
2017-01-07 13:01:46,366962000,8.2,-118.2487,33.695,181.0,64.0,-0.00019999999999242846,-0.002400000000001512
2017-01-07 13:02:56,366962000,8.3,-118.2489,33.6923,184.6,70.0,-0.0002000000000066393,-0.00269999999999726
2017-01-07 13:03:59,366962000,8.5,-118.249,33.6898,182.0,63.0,-9.99999999891088e-05,-0.0025000000000048317
2017-01-07 13:05:05,366962000,8.5,-118.2495,33.6873,195.0,66.0,-0.0005000000000023874,-0.0024999999999977263
2017-01-07 13:06:09,366962000,8.6,-118.2503,33.6848,201.0,64.0,-0.0007999999999981355,-0.0024999999999977263
2017-01-07 13:07:16,366962000,9.3,-118.2514,33.6823,197.3,67.0,-0.0011000000000080945,-0.0025000000000048317
2017-01-07 13:08:26,366962000,10.1,-118.2527,33.6793,199.8,70.0,-0.001300000000000523,-0.0030000000000001137
2017-01-07 13:09:36,366962000,10.7,-118.2541,33.6761,197.0,70.0,-0.0013999999999896318,-0.0031999999999996476
2017-01-07 13:10:42,366962000,11.0,-118.2554,33.673,199.0,66.0,-0.001300000000000523,-0.003099999999996328
2017-01-07 13:11:45,366962000,11.4,-118.2568,33.6698,199.0,63.0,-0.0014000000000038426,-0.0031999999999996476
2017-01-07 13:12:47,366962000,11.6,-118.2582,33.6668,-203.2,62.0,-0.0014000000000038426,-0.0030000000000001137
2017-01-07 13:13:55,366962000,11.8,-118.2607,33.6637,-191.1,68.0,-0.0024999999999977263,-0.0031000000000034333
2017-01-07 13:15:07,366962000,12.0,-118.2639,33.6608,-185.5,72.0,-0.003200000000006753,-0.002899999999996794
2017-01-07 13:16:17,366962000,12.1,-118.2671,33.6579,-185.7,70.0,-0.003199999999992542,-0.0029000000000038995
2017-01-07 13:17:26,366962000,12.1,-118.2703,33.6552,-185.6,69.0,-0.003200000000006753,-0.00269999999999726
2017-01-07 13:18:36,366962000,12.2,-118.2736,33.6523,-184.6,70.0,-0.003299999999995862,-0.0029000000000038995
2017-01-07 13:19:46,366962000,12.2,-118.2769,33.6495,-185.6,70.0,-0.003299999999995862,-0.0027999999999934744
2017-01-07 13:20:56,366962000,12.2,-118.2802,33.6467,-185.6,70.0,-0.003299999999995862,-0.00280000000000058
2017-01-07 13:22:05,366962000,12.2,-118.2835,33.6439,-184.9,69.0,-0.0033000000000100727,-0.00280000000000058
2017-01-07 13:23:16,366962000,12.3,-118.287,33.641,-184.6,71.0,-0.003500000000002501,-0.0029000000000038995
2017-01-07 13:24:22,366962000,12.3,-118.2902,33.6384,-184.2,66.0,-0.003199999999992542,-0.002600000000001046
2017-01-07 13:25:25,366962000,12.3,-118.2935,33.6362,-182.6,63.0,-0.003299999999995862,-0.0021999999999948727
2017-01-07 13:26:29,366962000,12.1,-118.2973,33.6345,-173.6,64.0,-0.00380000000001246,-0.0016999999999995907
2017-01-07 13:27:35,366962000,11.8,-118.3015,33.6342,-156.6,66.0,-0.004199999999997317,-0.00030000000000285354
2017-01-07 13:28:36,366962000,11.9,-118.3056,33.634,-144.1,61.0,-0.004099999999993997,-0.00019999999999953388
2017-01-07 13:29:46,366962000,12.1,-118.3103,33.6343,-137.6,70.0,-0.004699999999999704,0.00030000000000285354
2017-01-07 13:30:56,366962000,12.2,-118.315,33.6346,-134.6,70.0,-0.004699999999999704,0.0002999999999957481
2017-01-07 13:32:07,366962000,12.3,-118.3198,33.6348,-135.3,71.0,-0.004800000000003024,0.00019999999999953388
2017-01-07 13:33:17,366962000,12.3,-118.3246,33.635,-137.0,70.0,-0.004800000000003024,0.00019999999999953388
2017-01-07 13:34:25,366962000,12.4,-118.3293,33.6352,-136.6,68.0,-0.004699999999999704,0.00019999999999953388
2017-01-07 13:35:35,366962000,12.5,-118.3342,33.6355,-136.2,70.0,-0.004899999999992133,0.00030000000000285354
2017-01-07 13:36:45,366962000,12.5,-118.3388,33.6363,-130.6,70.0,-0.004600000000010596,0.0007999999999981355
2017-01-07 13:37:57,366962000,12.5,-118.3438,33.6374,-126.1,72.0,-0.0049999999999954525,0.001100000000000989
2017-01-07 13:39:02,366962000,12.5,-118.3481,33.6382,-126.1,65.0,-0.004300000000000637,0.0007999999999981355
2017-01-17 11:18:25,366962000,6.4,-118.248,33.6982,181.0,0,0,0
2017-01-17 11:19:36,366962000,7.0,-118.2478,33.696,178.0,71.0,0.0002000000000066393,-0.002200000000001978
2017-01-17 11:20:42,366962000,7.8,-118.2477,33.6938,175.0,66.0,0.00010000000000331966,-0.0021999999999948727
2017-01-17 11:21:44,366962000,8.8,-118.2476,33.6914,177.1,62.0,9.99999999891088e-05,-0.002400000000001512
2017-01-17 11:22:48,366962000,9.6,-118.2475,33.6886,177.3,64.0,0.00010000000000331966,-0.00280000000000058
2017-01-17 11:23:55,366962000,10.2,-118.2475,33.6855,178.0,67.0,0.0,-0.0031000000000034333
2017-01-17 11:24:59,366962000,10.7,-118.2473,33.6824,176.7,64.0,0.0002000000000066393,-0.003099999999996328
2017-01-17 11:26:02,366962000,10.8,-118.2475,33.6793,193.0,63.0,-0.0002000000000066393,-0.0031000000000034333
2017-01-17 11:27:06,366962000,10.7,-118.2491,33.6764,-197.6,64.0,-0.001599999999996271,-0.002899999999996794
2017-01-17 11:28:15,366962000,10.8,-118.2518,33.674,-185.6,69.0,-0.0027000000000043656,-0.002400000000001512
2017-01-17 11:29:25,366962000,11.2,-118.2548,33.6713,-184.6,70.0,-0.0030000000000001137,-0.00269999999999726
2017-01-17 11:30:35,366962000,11.4,-118.2578,33.6687,-185.6,70.0,-0.0030000000000001137,-0.002600000000001046
2017-01-17 11:31:44,366962000,11.6,-118.2609,33.6661,-186.8,69.0,-0.0031000000000034333,-0.002600000000001046
2017-01-17 11:32:56,366962000,11.6,-118.2642,33.6633,-184.6,72.0,-0.003299999999995862,-0.00280000000000058
2017-01-17 11:33:58,366962000,11.7,-118.267,33.6609,-184.7,62.0,-0.0027999999999934744,-0.002400000000001512
2017-01-17 11:35:05,366962000,11.8,-118.27,33.6583,-183.6,67.0,-0.0030000000000001137,-0.002600000000001046
2017-01-17 11:36:15,366962000,11.9,-118.2733,33.6557,-183.6,70.0,-0.0033000000000100727,-0.0025999999999939405
2017-01-17 11:37:26,366962000,11.9,-118.2766,33.6529,-183.6,71.0,-0.003299999999995862,-0.00280000000000058
2017-01-17 11:38:36,366962000,12.0,-118.2799,33.6502,-186.6,70.0,-0.003299999999995862,-0.0027000000000043656
2017-01-17 11:39:42,366962000,12.1,-118.283,33.6476,-184.6,66.0,-0.0031000000000034333,-0.002600000000001046
2017-01-17 11:40:45,366962000,12.1,-118.286,33.6451,-185.7,63.0,-0.0030000000000001137,-0.0024999999999977263
2017-01-17 11:41:55,366962000,12.2,-118.2893,33.6423,-186.6,70.0,-0.003299999999995862,-0.00280000000000058
2017-01-17 11:43:04,366962000,12.2,-118.2927,33.6396,-187.2,69.0,-0.0033999999999991815,-0.00269999999999726
2017-01-17 11:44:05,366962000,12.1,-118.2958,33.6374,-172.9,61.0,-0.0031000000000034333,-0.002200000000001978
2017-01-17 11:45:09,366962000,11.7,-118.2996,33.6359,-154.2,64.0,-0.0037999999999982492,-0.0015000000000000568
2017-01-17 11:46:16,366962000,11.7,-118.3039,33.6355,-143.6,67.0,-0.004300000000000637,-0.00039999999999906777
2017-01-17 11:47:24,366962000,11.8,-118.3083,33.6354,-140.0,68.0,-0.004400000000003956,-0.00010000000000331966
2017-01-17 11:48:34,366962000,11.9,-118.313,33.6354,-139.6,70.0,-0.004699999999999704,0.0
2017-01-17 11:49:45,366962000,12.0,-118.3177,33.6355,-139.6,71.0,-0.004699999999999704,0.00010000000000331966
2017-01-17 11:50:55,366962000,11.8,-118.3223,33.6354,-139.5,70.0,-0.004599999999996385,-0.00010000000000331966
2017-01-17 11:52:04,366962000,11.2,-118.3267,33.6354,-139.5,69.0,-0.004400000000003956,0.0
2017-01-17 11:53:05,366962000,10.8,-118.3304,33.6354,-138.0,61.0,-0.0036999999999949296,0.0
2017-01-17 11:54:15,366962000,10.4,-118.3345,33.6359,-127.0,70.0,-0.004100000000008208,0.0005000000000023874
2017-01-17 11:55:26,366962000,9.9,-118.3384,33.6368,-124.6,71.0,-0.003899999999987358,0.0009000000000014552
2017-01-17 11:56:35,366962000,9.3,-118.3418,33.6375,-125.6,69.0,-0.0034000000000133923,0.0007000000000019213
2017-01-17 11:57:45,366962000,8.7,-118.3452,33.6382,-126.6,70.0,-0.0033999999999991815,0.0006999999999948159
2017-01-17 11:58:54,366962000,8.2,-118.3484,33.6388,-126.6,69.0,-0.003199999999992542,0.0006000000000057071
2017-01-04 01:50:47,355856000,7.9,-118.2492,33.6975,192.0,0,0,0
2017-01-04 01:51:48,355856000,8.6,-118.2501,33.6953,201.0,61.0,-0.0009000000000014552,-0.0021999999999948727
2017-01-04 01:52:57,355856000,9.2,-118.2516,33.6927,-202.6,69.0,-0.0014999999999929514,-0.002600000000001046
2017-01-04 01:54:08,355856000,9.7,-118.2536,33.69,-197.6,71.0,-0.0020000000000095497,-0.0027000000000043656
2017-01-04 01:55:17,355856000,10.0,-118.2556,33.6874,-198.6,69.0,-0.001999999999995339,-0.002600000000001046
2017-01-04 01:56:18,355856000,10.1,-118.2574,33.685,-198.6,61.0,-0.0018000000000029104,-0.0023999999999944066
2017-01-04 01:57:29,355856000,10.3,-118.2596,33.6821,-198.6,71.0,-0.002200000000001978,-0.0029000000000038995
2017-01-04 01:58:38,355856000,10.2,-118.2617,33.6793,-197.6,69.0,-0.0020999999999986585,-0.00280000000000058
2017-01-04 01:59:39,355856000,10.3,-118.2635,33.6769,-198.6,61.0,-0.0017999999999886995,-0.0023999999999944066
2017-01-04 02:00:47,355856000,10.3,-118.2656,33.674,-197.6,68.0,-0.0021000000000128694,-0.0029000000000038995
2017-01-04 02:01:58,355856000,10.4,-118.2678,33.6711,-197.6,71.0,-0.0021999999999877673,-0.002899999999996794
2017-01-04 02:03:08,355856000,10.5,-118.27,33.6683,-197.6,70.0,-0.002200000000001978,-0.00280000000000058
2017-01-04 02:04:18,355856000,10.6,-118.2722,33.6654,-196.6,70.0,-0.002200000000001978,-0.0029000000000038995
2017-01-04 02:05:27,355856000,10.5,-118.2743,33.6626,-197.6,69.0,-0.0020999999999986585,-0.00280000000000058
2017-01-04 02:06:38,355856000,10.5,-118.2766,33.6597,-197.6,71.0,-0.002300000000005298,-0.002899999999996794
2017-01-04 02:07:47,355856000,10.5,-118.2789,33.6568,-197.6,69.0,-0.002299999999991087,-0.0029000000000038995
2017-01-04 02:08:58,355856000,10.5,-118.2811,33.6539,-197.6,71.0,-0.002200000000001978,-0.002899999999996794
2017-01-04 02:10:08,355856000,10.5,-118.2833,33.651,-198.6,70.0,-0.002200000000001978,-0.002899999999996794
2017-01-04 02:11:17,355856000,10.4,-118.2854,33.6482,-197.6,69.0,-0.0020999999999986585,-0.00280000000000058
2017-01-04 02:12:28,355856000,10.5,-118.2876,33.6452,-197.6,71.0,-0.002200000000001978,-0.0030000000000001137
2017-01-04 02:13:38,355856000,10.5,-118.2899,33.6423,-197.6,70.0,-0.002300000000005298,-0.0029000000000038995
2017-01-04 02:14:48,355856000,10.3,-118.2921,33.6395,-191.6,70.0,-0.002200000000001978,-0.00280000000000058
2017-01-04 02:15:51,355856000,9.8,-118.2947,33.6376,-176.6,63.0,-0.002600000000001046,-0.0018999999999991246
2017-01-04 02:16:54,355856000,8.9,-118.2978,33.6366,-150.6,63.0,-0.0030999999999892225,-0.0009999999999976694
2017-01-04 02:17:57,355856000,9.1,-118.3009,33.6366,-139.6,63.0,-0.0031000000000034333,0.0
2017-01-04 02:19:07,355856000,9.6,-118.3046,33.6368,-136.6,70.0,-0.0036999999999949296,0.00019999999999953388
2017-01-04 02:20:19,355856000,10.1,-118.3084,33.6371,-134.6,72.0,-0.00380000000001246,0.0002999999999957481
2017-01-04 02:21:27,355856000,10.6,-118.3125,33.6374,-135.6,68.0,-0.004099999999993997,0.00030000000000285354
2017-01-04 02:22:38,355856000,11.0,-118.3168,33.6376,-136.6,71.0,-0.004300000000000637,0.00019999999999953388
2017-01-04 02:23:47,355856000,11.3,-118.321,33.6378,-136.6,69.0,-0.004199999999997317,0.00019999999999953388
2017-01-04 02:24:58,355856000,11.5,-118.3257,33.638,-136.6,71.0,-0.004699999999999704,0.00019999999999953388
2017-01-04 02:26:08,355856000,11.6,-118.3301,33.6383,-136.6,70.0,-0.004400000000003956,0.00030000000000285354
2017-01-04 02:27:17,355856000,11.7,-118.3346,33.6386,-135.6,69.0,-0.004499999999993065,0.0002999999999957481
2017-01-04 02:28:28,355856000,11.7,-118.3392,33.6389,-135.6,71.0,-0.004600000000010596,0.00030000000000285354
2017-01-04 02:29:37,355856000,11.4,-118.3436,33.6392,-130.6,69.0,-0.0043999999999897454,0.00030000000000285354
2017-01-04 02:30:47,355856000,11.0,-118.3477,33.6405,-113.6,70.0,-0.004100000000008208,0.001300000000000523
2017-01-04 12:50:25,372052000,5.4,-118.2485,33.697,181.0,0,0,0
2017-01-04 12:51:33,372052000,5.5,-118.2485,33.6952,178.3,68.0,0.0,-0.0018000000000029104
2017-01-04 12:52:44,372052000,5.5,-118.2486,33.6933,186.1,71.0,-9.99999999891088e-05,-0.0018999999999991246
2017-01-04 12:53:45,372052000,5.5,-118.2491,33.6918,202.7,61.0,-0.0005000000000023874,-0.0015000000000000568
2017-01-04 12:54:53,372052000,6.1,-118.2503,33.6902,-195.2,68.0,-0.0011999999999972033,-0.0016000000000033765
2017-01-04 12:56:04,372052000,7.0,-118.2518,33.6884,-195.2,71.0,-0.0015000000000071623,-0.001799999999995805
2017-01-04 12:57:05,372052000,7.4,-118.2533,33.6867,-194.1,61.0,-0.0014999999999929514,-0.0016999999999995907
2017-01-04 12:58:15,372052000,8.6,-118.2552,33.6845,-193.8,70.0,-0.00190000000000623,-0.002200000000001978
2017-01-04 12:59:34,372052000,9.6,-118.2576,33.6818,-193.2,79.0,-0.0023999999999944066,-0.00269999999999726
2017-01-04 13:00:44,372052000,10.1,-118.2599,33.6791,-194.1,70.0,-0.002300000000005298,-0.0027000000000043656
2017-01-04 13:01:53,372052000,10.5,-118.2622,33.6764,-194.5,69.0,-0.002300000000005298,-0.00269999999999726
2017-01-04 13:02:54,372052000,10.9,-118.2643,33.6739,-193.8,61.0,-0.0020999999999986585,-0.0024999999999977263
2017-01-04 13:04:04,372052000,11.1,-118.2669,33.6711,-191.7,70.0,-0.002600000000001046,-0.00280000000000058
2017-01-04 13:05:15,372052000,11.3,-118.2697,33.6681,-190.9,71.0,-0.0027999999999934744,-0.0030000000000001137
2017-01-04 13:06:24,372052000,11.5,-118.2725,33.6652,-191.3,69.0,-0.0027999999999934744,-0.0029000000000038995
2017-01-04 13:07:25,372052000,8.2,-118.2748,33.6626,-192.5,61.0,-0.002300000000005298,-0.002600000000001046
2017-01-04 13:08:34,372052000,11.7,-118.2775,33.6596,-193.5,69.0,-0.0027000000000043656,-0.0030000000000001137
2017-01-04 13:09:44,372052000,11.7,-118.2801,33.6565,-193.8,70.0,-0.002600000000001046,-0.003099999999996328
2017-01-04 13:10:54,372052000,11.8,-118.2828,33.6534,-193.9,70.0,-0.0026999999999901547,-0.0031000000000034333
2017-01-04 13:12:03,372052000,11.8,-118.2854,33.6503,-193.8,69.0,-0.002600000000001046,-0.003099999999996328
2017-01-04 13:13:13,372052000,11.8,-118.2882,33.6472,-193.6,70.0,-0.0028000000000076852,-0.0031000000000034333
2017-01-04 13:14:14,372052000,11.8,-118.2904,33.6445,-194.7,61.0,-0.002200000000001978,-0.00269999999999726
2017-01-04 13:15:24,372052000,11.8,-118.2934,33.6415,-186.0,70.0,-0.0030000000000001137,-0.0030000000000001137
2017-01-04 13:16:35,372052000,11.8,-118.2969,33.639,-177.8,71.0,-0.0034999999999882903,-0.0024999999999977263
2017-01-04 13:17:54,372052000,11.7,-118.3012,33.6365,-168.4,79.0,-0.004300000000000637,-0.0025000000000048317
2017-01-04 13:19:04,372052000,10.3,-118.3053,33.6354,-152.5,70.0,-0.004100000000008208,-0.001100000000000989
2017-01-04 13:20:13,372052000,11.0,-118.3095,33.6351,-142.0,69.0,-0.004199999999997317,-0.0002999999999957481
2017-01-04 13:21:23,372052000,11.2,-118.3139,33.635,-139.8,70.0,-0.004400000000003956,-0.00010000000000331966
2017-01-04 13:22:34,372052000,10.7,-118.3183,33.635,-137.6,71.0,-0.0043999999999897454,0.0
2017-01-04 13:23:44,372052000,11.1,-118.3228,33.6352,-136.8,70.0,-0.004500000000007276,0.00019999999999953388
2017-01-04 13:24:53,372052000,11.3,-118.3272,33.6354,-136.4,69.0,-0.004400000000003956,0.00019999999999953388
2017-01-04 13:26:04,372052000,11.5,-118.3318,33.6356,-137.3,71.0,-0.004599999999996385,0.00019999999999953388
2017-01-04 13:27:13,372052000,11.5,-118.3362,33.6357,-139.6,69.0,-0.004400000000003956,0.00010000000000331966
2017-01-04 13:28:17,372052000,11.4,-118.3404,33.6359,-125.4,64.0,-0.004199999999997317,0.00019999999999953388
2017-01-04 13:29:23,372052000,11.1,-118.3441,33.6371,-114.5,66.0,-0.0036999999999949296,0.0011999999999972033
2017-01-04 13:30:24,372052000,10.9,-118.3474,33.6386,-110.4,61.0,-0.003299999999995862,0.0015000000000000568
2017-01-08 00:01:09,440160000,8.1,-118.2495,33.6997,186.9,0,0,0
2017-01-08 00:02:12,440160000,7.7,-118.2496,33.6974,186.7,63.0,-0.00010000000000331966,-0.0022999999999981924
2017-01-08 00:03:15,440160000,7.9,-118.2498,33.6951,188.7,63.0,-0.00019999999999242846,-0.002300000000005298
2017-01-08 00:04:18,440160000,8.4,-118.25,33.6927,184.6,63.0,-0.0002000000000066393,-0.0023999999999944066
2017-01-08 00:05:22,440160000,8.7,-118.2504,33.6901,188.6,64.0,-0.00039999999999906777,-0.002600000000001046
2017-01-08 00:06:29,440160000,8.3,-118.252,33.6879,-194.9,67.0,-0.001599999999996271,-0.002200000000001978
2017-01-08 00:07:39,440160000,8.7,-118.2539,33.6856,-191.6,70.0,-0.00190000000000623,-0.0022999999999981924
2017-01-08 00:08:48,440160000,8.6,-118.2558,33.6833,-192.3,69.0,-0.0018999999999920192,-0.0022999999999981924
2017-01-08 00:09:59,440160000,9.3,-118.2579,33.6808,-194.6,71.0,-0.0021000000000128694,-0.0025000000000048317
2017-01-08 00:11:09,440160000,9.0,-118.2599,33.6785,-192.5,70.0,-0.001999999999995339,-0.0022999999999981924
2017-01-08 00:12:19,440160000,8.8,-118.2619,33.6761,-193.2,70.0,-0.001999999999995339,-0.002400000000001512
2017-01-08 00:13:28,440160000,9.3,-118.2639,33.6738,-198.8,69.0,-0.0020000000000095497,-0.0022999999999981924
2017-01-08 00:14:38,440160000,8.8,-118.2658,33.6714,-193.2,70.0,-0.0018999999999920192,-0.002400000000001512
2017-01-08 00:15:48,440160000,8.7,-118.2678,33.6691,-192.9,70.0,-0.001999999999995339,-0.0022999999999981924
2017-01-08 00:16:59,440160000,8.9,-118.2699,33.6667,-194.2,71.0,-0.0021000000000128694,-0.002400000000001512
2017-01-08 00:18:09,440160000,8.9,-118.2719,33.6643,-189.5,70.0,-0.001999999999995339,-0.002400000000001512
2017-01-08 00:19:18,440160000,8.8,-118.2739,33.6619,-191.4,69.0,-0.001999999999995339,-0.0023999999999944066
2017-01-08 00:20:28,440160000,8.8,-118.2758,33.6596,-191.1,70.0,-0.00190000000000623,-0.002300000000005298
2017-01-08 00:21:39,440160000,8.9,-118.2778,33.6571,-195.1,71.0,-0.001999999999995339,-0.0024999999999977263
2017-01-08 00:22:48,440160000,8.9,-118.2798,33.6548,-192.4,69.0,-0.001999999999995339,-0.0022999999999981924
2017-01-08 00:23:58,440160000,9.0,-118.2818,33.6524,-190.3,70.0,-0.0020000000000095497,-0.002400000000001512
2017-01-08 00:25:08,440160000,8.8,-118.2838,33.65,-200.0,70.0,-0.001999999999995339,-0.002400000000001512
2017-01-08 00:26:09,440160000,8.8,-118.2855,33.6479,-189.8,61.0,-0.0016999999999995907,-0.0020999999999986585
2017-01-08 00:27:19,440160000,9.0,-118.2875,33.6455,-193.9,70.0,-0.001999999999995339,-0.002400000000001512
2017-01-08 00:28:28,440160000,8.8,-118.2894,33.6431,-192.0,69.0,-0.00190000000000623,-0.002400000000001512
2017-01-08 00:29:39,440160000,9.0,-118.2917,33.6409,-181.2,71.0,-0.002300000000005298,-0.0021999999999948727
2017-01-08 00:30:49,440160000,9.1,-118.2944,33.6391,-175.7,70.0,-0.0026999999999901547,-0.0018000000000029104
2017-01-08 00:31:59,440160000,8.5,-118.2974,33.6377,-168.4,70.0,-0.0030000000000001137,-0.0013999999999967372
2017-01-08 00:33:08,440160000,9.1,-118.3007,33.6367,-157.5,69.0,-0.0033000000000100727,-0.0010000000000047748
2017-01-08 00:34:09,440160000,9.3,-118.3036,33.6362,-144.5,61.0,-0.002899999999996794,-0.000499999999995282
2017-01-08 00:35:18,440160000,8.9,-118.3071,33.6362,-134.7,69.0,-0.003500000000002501,0.0
2017-01-08 00:36:19,440160000,8.8,-118.3102,33.6362,-138.6,61.0,-0.0030999999999892225,0.0
2017-01-08 00:37:29,440160000,8.8,-118.3137,33.6363,-138.9,70.0,-0.003500000000002501,9.999999999621423e-05
2017-01-08 00:38:38,440160000,9.2,-118.3173,33.6364,-139.2,69.0,-0.0036000000000058208,0.00010000000000331966
2017-01-08 00:39:39,440160000,9.4,-118.3204,33.6364,-136.9,61.0,-0.0031000000000034333,0.0
2017-01-08 00:40:49,440160000,9.4,-118.3239,33.6365,-136.3,70.0,-0.0034999999999882903,9.999999999621423e-05
2017-01-08 00:41:59,440160000,9.4,-118.3275,33.6366,-139.0,70.0,-0.0036000000000058208,0.00010000000000331966
2017-01-08 00:43:08,440160000,9.1,-118.331,33.6366,-141.2,69.0,-0.003500000000002501,0.0
2017-01-08 00:44:19,440160000,9.0,-118.3346,33.637,-130.5,71.0,-0.00359999999999161,0.00039999999999906777
2017-01-08 00:45:28,440160000,9.4,-118.338,33.6378,-122.8,69.0,-0.0033999999999991815,0.0007999999999981355
2017-01-08 00:46:29,440160000,9.5,-118.341,33.6384,-121.2,61.0,-0.0030000000000001137,0.0005999999999986017
2017-01-08 00:47:38,440160000,9.2,-118.3443,33.6394,-117.3,69.0,-0.0033000000000100727,0.0010000000000047748
2017-01-08 00:48:48,440160000,9.1,-118.3476,33.6407,-110.7,70.0,-0.003299999999995862,0.001300000000000523
2017-01-05 00:15:40,367153070,9.0,-118.2474,33.6947,186.5,0,0,0
2017-01-05 00:16:51,367153070,9.1,-118.248,33.6917,192.7,71.0,-0.0006000000000057071,-0.0030000000000001137
2017-01-05 00:18:00,367153070,9.2,-118.249,33.6889,201.7,69.0,-0.000999999999990564,-0.00280000000000058
2017-01-05 00:19:11,367153070,9.4,-118.2505,33.6861,202.1,71.0,-0.0015000000000071623,-0.0027999999999934744
2017-01-05 00:20:20,367153070,9.2,-118.2518,33.6833,201.3,69.0,-0.001300000000000523,-0.00280000000000058
2017-01-05 00:21:27,367153070,9.2,-118.2532,33.6807,-198.0,67.0,-0.0014000000000038426,-0.002600000000001046
2017-01-05 00:22:31,367153070,9.0,-118.2551,33.6785,-191.9,64.0,-0.0018999999999920192,-0.002200000000001978
2017-01-05 00:23:40,367153070,9.1,-118.2572,33.6763,-191.6,69.0,-0.0020999999999986585,-0.002200000000001978
2017-01-05 00:24:41,367153070,10.1,-118.2592,33.6741,-189.4,61.0,-0.0020000000000095497,-0.0021999999999948727
2017-01-05 00:25:50,367153070,9.6,-118.2617,33.6718,-188.8,69.0,-0.0024999999999977263,-0.002300000000005298
2017-01-05 00:27:01,367153070,9.5,-118.2641,33.6694,-188.1,71.0,-0.0023999999999944066,-0.0023999999999944066
2017-01-05 00:28:10,367153070,9.5,-118.2665,33.6671,-187.7,69.0,-0.0023999999999944066,-0.002300000000005298
2017-01-05 00:29:20,367153070,9.3,-118.269,33.6649,-187.8,70.0,-0.002500000000011937,-0.0021999999999948727
2017-01-05 00:30:31,367153070,9.3,-118.2714,33.6626,-188.0,71.0,-0.0023999999999944066,-0.002300000000005298
2017-01-05 00:31:41,367153070,9.4,-118.2738,33.6603,-188.5,70.0,-0.0023999999999944066,-0.0022999999999981924
2017-01-05 00:32:51,367153070,9.3,-118.2761,33.658,-188.8,70.0,-0.002300000000005298,-0.0022999999999981924
2017-01-05 00:34:01,367153070,9.4,-118.2787,33.6559,-181.8,70.0,-0.002600000000001046,-0.0020999999999986585
2017-01-05 00:35:10,367153070,9.4,-118.2814,33.6539,-180.8,69.0,-0.0027000000000043656,-0.0020000000000024443
2017-01-05 00:36:21,367153070,9.3,-118.2842,33.6519,-180.7,71.0,-0.0027999999999934744,-0.0020000000000024443
2017-01-05 00:37:30,367153070,9.4,-118.2869,33.65,-177.0,69.0,-0.0027000000000043656,-0.0018999999999991246
2017-01-05 00:38:41,367153070,9.3,-118.2898,33.6481,-176.5,71.0,-0.002899999999996794,-0.0018999999999991246
2017-01-05 00:39:51,367153070,9.2,-118.2927,33.6463,-176.7,70.0,-0.002899999999996794,-0.0018000000000029104
2017-01-05 00:40:55,367153070,9.3,-118.2953,33.6447,-169.8,64.0,-0.002600000000001046,-0.001599999999996271
2017-01-05 00:41:57,367153070,9.3,-118.2983,33.6436,-154.9,62.0,-0.0030000000000001137,-0.001100000000000989
2017-01-05 00:43:01,367153070,9.2,-118.3016,33.6434,-139.2,64.0,-0.003299999999995862,-0.00019999999999953388
2017-01-05 00:44:10,367153070,8.7,-118.3049,33.6436,-134.2,69.0,-0.0033000000000100727,0.00019999999999953388
2017-01-05 00:45:21,367153070,8.8,-118.3083,33.6438,-135.9,71.0,-0.0033999999999991815,0.00019999999999953388
2017-01-05 00:46:40,367153070,8.9,-118.3122,33.644,-138.1,79.0,-0.003900000000001569,0.00019999999999953388
2017-01-05 00:47:51,367153070,8.9,-118.3157,33.644,-138.1,71.0,-0.003500000000002501,0.0
2017-01-05 00:49:01,367153070,8.9,-118.3191,33.6442,-136.7,70.0,-0.0033999999999991815,0.00019999999999953388
2017-01-05 00:50:12,367153070,8.9,-118.3227,33.6442,-139.9,71.0,-0.00359999999999161,0.0
2017-01-05 00:51:21,367153070,8.9,-118.3261,33.6442,-141.5,69.0,-0.0033999999999991815,0.0
2017-01-05 00:52:30,367153070,8.9,-118.3295,33.6441,-142.3,69.0,-0.0033999999999991815,-9.999999999621423e-05
2017-01-05 00:53:41,367153070,8.9,-118.333,33.6439,-142.4,71.0,-0.003500000000002501,-0.00019999999999953388
2017-01-05 00:54:50,367153070,8.9,-118.3364,33.6438,-141.4,69.0,-0.0033999999999991815,-0.00010000000000331966
2017-01-05 00:56:00,367153070,8.9,-118.3398,33.6437,-140.6,70.0,-0.0033999999999991815,-9.999999999621423e-05
2017-01-05 00:57:10,367153070,8.9,-118.3432,33.6435,-146.1,70.0,-0.0033999999999991815,-0.00019999999999953388
2017-01-05 00:58:20,367153070,8.9,-118.3467,33.6432,-146.5,70.0,-0.003500000000002501,-0.00030000000000285354
2017-01-09 13:09:50,303668000,8.5,-118.2475,33.6978,182.7,0,0,0
2017-01-09 13:10:59,303668000,8.7,-118.2476,33.6951,181.2,69.0,-0.00010000000000331966,-0.0027000000000043656
2017-01-09 13:12:08,303668000,8.9,-118.2477,33.6922,182.0,69.0,-9.99999999891088e-05,-0.002899999999996794
2017-01-09 13:13:19,303668000,9.1,-118.2478,33.6892,180.4,71.0,-0.00010000000000331966,-0.0030000000000001137
2017-01-09 13:14:29,303668000,9.5,-118.248,33.6862,182.4,70.0,-0.0002000000000066393,-0.0030000000000001137
2017-01-09 13:15:39,303668000,9.9,-118.248,33.683,180.8,70.0,0.0,-0.0031999999999996476
2017-01-09 13:16:49,303668000,10.5,-118.2479,33.6797,181.6,70.0,0.00010000000000331966,-0.0033000000000029672
2017-01-09 13:18:08,303668000,10.7,-118.2478,33.6758,180.0,79.0,0.00010000000000331966,-0.0038999999999944635
2017-01-09 13:19:19,303668000,11.0,-118.2478,33.6722,177.8,71.0,0.0,-0.0036000000000058208
2017-01-09 13:20:20,303668000,11.3,-118.2473,33.6691,171.5,61.0,0.0005000000000023874,-0.003099999999996328
2017-01-09 13:21:30,303668000,11.5,-118.2465,33.6655,170.8,70.0,0.0007999999999981355,-0.0035999999999987153
2017-01-09 13:22:38,303668000,11.6,-118.246,33.6619,176.3,68.0,0.0005000000000023874,-0.0035999999999987153
2017-01-09 13:23:49,303668000,11.6,-118.2458,33.658,178.1,71.0,0.00019999999999242846,-0.003900000000001569
2017-01-09 13:24:59,303668000,11.6,-118.2456,33.6542,178.4,70.0,0.0002000000000066393,-0.0037999999999982492
2017-01-09 13:26:09,303668000,11.6,-118.2455,33.6505,178.6,70.0,9.99999999891088e-05,-0.003700000000002035
2017-01-09 13:27:18,303668000,11.4,-118.2452,33.6468,176.9,69.0,0.00030000000000995897,-0.003700000000002035
2017-01-09 13:28:28,303668000,11.3,-118.2455,33.6434,191.3,70.0,-0.00030000000000995897,-0.0033999999999991815
2017-01-09 13:30:39,303668000,11.4,-118.2487,33.6369,-202.4,131.0,-0.003199999999992542,-0.006500000000002615
2017-01-09 13:31:49,303668000,11.6,-118.2509,33.6336,-200.1,70.0,-0.002200000000001978,-0.003299999999995862
2017-01-09 13:32:58,303668000,10.9,-118.2535,33.6308,-183.2,69.0,-0.002600000000001046,-0.00280000000000058
2017-01-09 13:33:59,303668000,10.7,-118.2565,33.6291,-166.5,61.0,-0.0030000000000001137,-0.0016999999999995907
2017-01-09 13:35:08,303668000,10.7,-118.2604,33.6282,-147.9,69.0,-0.003900000000001569,-0.0009000000000014552
2017-01-09 13:36:19,303668000,11.1,-118.2646,33.6285,-129.3,71.0,-0.004199999999997317,0.00030000000000285354
2017-01-09 13:37:29,303668000,11.5,-118.2691,33.629,-134.3,70.0,-0.004499999999993065,0.000499999999995282
2017-01-09 13:38:40,303668000,11.9,-118.2736,33.6293,-135.6,71.0,-0.004500000000007276,0.00030000000000285354
2017-01-09 13:39:48,303668000,11.8,-118.2781,33.6295,-135.7,68.0,-0.004499999999993065,0.00019999999999953388
2017-01-09 13:40:59,303668000,11.8,-118.2827,33.6298,-136.0,71.0,-0.004600000000010596,0.00030000000000285354
2017-01-09 13:42:09,303668000,12.0,-118.2873,33.63,-135.7,70.0,-0.004599999999996385,0.00019999999999953388
2017-01-09 13:43:19,303668000,11.9,-118.292,33.6302,-135.9,70.0,-0.004699999999999704,0.00019999999999953388
2017-01-09 13:44:29,303668000,12.0,-118.2965,33.6305,-136.1,70.0,-0.004499999999993065,0.0002999999999957481
2017-01-09 13:45:39,303668000,11.8,-118.3012,33.6307,-135.9,70.0,-0.004699999999999704,0.00019999999999953388
2017-01-09 13:46:48,303668000,12.0,-118.3057,33.631,-136.2,69.0,-0.004500000000007276,0.00030000000000285354
2017-01-09 13:48:00,303668000,12.0,-118.3104,33.6312,-135.7,72.0,-0.004699999999999704,0.00019999999999953388
2017-01-09 13:49:09,303668000,11.9,-118.315,33.6315,-135.7,69.0,-0.004599999999996385,0.00030000000000285354
2017-01-09 13:50:18,303668000,11.8,-118.3196,33.6318,-135.3,69.0,-0.004599999999996385,0.0002999999999957481
2017-01-09 13:51:30,303668000,11.9,-118.3244,33.6321,-135.2,72.0,-0.004800000000003024,0.00030000000000285354
2017-01-09 13:52:38,303668000,12.0,-118.329,33.6324,-135.4,68.0,-0.004599999999996385,0.0002999999999957481
2017-01-09 13:53:49,303668000,12.0,-118.3336,33.6328,-132.0,71.0,-0.004600000000010596,0.0004000000000061732
2017-01-09 13:54:58,303668000,12.0,-118.3382,33.6334,-130.6,69.0,-0.004599999999996385,0.0005999999999986017
2017-01-09 13:56:09,303668000,12.0,-118.3429,33.634,-129.3,71.0,-0.004699999999999704,0.0005999999999986017
2017-01-09 13:57:18,303668000,12.1,-118.3475,33.6347,-128.4,69.0,-0.004599999999996385,0.0007000000000019213
2017-01-16 12:57:16,303668000,8.4,-118.2479,33.6986,177.5,0,0,0
2017-01-16 12:58:17,303668000,8.5,-118.2478,33.6962,178.2,61.0,0.00010000000000331966,-0.002400000000001512
2017-01-16 12:59:28,303668000,8.6,-118.2477,33.6934,177.9,71.0,0.00010000000000331966,-0.00280000000000058
2017-01-16 13:00:37,303668000,8.6,-118.2476,33.6907,179.8,69.0,9.99999999891088e-05,-0.00269999999999726
2017-01-16 13:01:47,303668000,8.7,-118.2476,33.6878,180.8,70.0,0.0,-0.002899999999996794
2017-01-16 13:02:58,303668000,8.9,-118.2476,33.685,182.0,71.0,0.0,-0.00280000000000058
2017-01-16 13:04:07,303668000,9.0,-118.2476,33.6821,181.3,69.0,0.0,-0.0029000000000038995
2017-01-16 13:05:17,303668000,9.7,-118.2476,33.679,179.4,70.0,0.0,-0.003099999999996328
2017-01-16 13:06:27,303668000,9.9,-118.2477,33.6758,182.1,70.0,-9.99999999891088e-05,-0.0031999999999996476
2017-01-16 13:07:38,303668000,10.3,-118.2477,33.6725,180.6,71.0,0.0,-0.0033000000000029672
2017-01-16 13:08:57,303668000,10.8,-118.2477,33.6686,178.7,79.0,0.0,-0.003900000000001569
2017-01-16 13:10:08,303668000,11.0,-118.2479,33.665,187.0,71.0,-0.0002000000000066393,-0.0035999999999987153
2017-01-16 13:11:17,303668000,11.3,-118.2491,33.6616,200.1,69.0,-0.0011999999999972033,-0.0033999999999991815
2017-01-16 13:12:26,303668000,11.3,-118.2511,33.6584,-197.2,69.0,-0.001999999999995339,-0.0031999999999996476
2017-01-16 13:13:38,303668000,11.6,-118.2538,33.6553,-192.3,72.0,-0.0027000000000043656,-0.0031000000000034333
2017-01-16 13:14:47,303668000,11.8,-118.2568,33.6526,-182.1,69.0,-0.0030000000000001137,-0.00269999999999726
2017-01-16 13:15:57,303668000,11.9,-118.2604,33.6501,-178.9,70.0,-0.0036000000000058208,-0.0024999999999977263
2017-01-16 13:16:58,303668000,12.0,-118.2635,33.648,-177.9,61.0,-0.0030999999999892225,-0.0020999999999986585
2017-01-16 13:18:07,303668000,11.5,-118.2673,33.6461,-164.0,69.0,-0.00380000000001246,-0.00190000000000623
2017-01-16 13:19:18,303668000,11.8,-118.2718,33.645,-151.5,71.0,-0.004499999999993065,-0.0010999999999938836
2017-01-16 13:20:26,303668000,12.0,-118.2761,33.6443,-149.2,68.0,-0.004300000000000637,-0.0007000000000019213
2017-01-16 13:21:36,303668000,12.0,-118.2808,33.6437,-151.2,70.0,-0.004699999999999704,-0.0005999999999986017
2017-01-16 13:22:47,303668000,12.0,-118.2854,33.6428,-153.4,71.0,-0.004599999999996385,-0.0009000000000014552
2017-01-16 13:23:48,303668000,12.1,-118.2894,33.6419,-153.8,61.0,-0.0040000000000048885,-0.0009000000000014552
2017-01-16 13:24:56,303668000,12.0,-118.2938,33.641,-154.1,68.0,-0.004400000000003956,-0.0009000000000014552
2017-01-16 13:26:08,303668000,11.9,-118.2984,33.64,-154.0,72.0,-0.004599999999996385,-0.0009999999999976694
2017-01-16 13:27:17,303668000,11.9,-118.3028,33.639,-155.2,69.0,-0.004400000000003956,-0.0009999999999976694
2017-01-16 13:28:28,303668000,11.6,-118.3074,33.6384,-141.2,71.0,-0.004599999999996385,-0.0006000000000057071
2017-01-16 13:29:38,303668000,11.9,-118.3119,33.6386,-134.5,70.0,-0.004499999999993065,0.00019999999999953388
2017-01-16 13:30:47,303668000,12.0,-118.3165,33.639,-133.6,69.0,-0.004600000000010596,0.0004000000000061732
2017-01-16 13:31:57,303668000,12.0,-118.3211,33.6394,-134.1,70.0,-0.004599999999996385,0.00039999999999906777
2017-01-16 13:33:08,303668000,12.1,-118.3259,33.6397,-134.1,71.0,-0.004800000000003024,0.0002999999999957481
2017-01-16 13:34:16,303668000,12.1,-118.3305,33.6401,-134.4,68.0,-0.004599999999996385,0.00039999999999906777
2017-01-16 13:35:28,303668000,12.2,-118.3353,33.6404,-135.2,72.0,-0.004800000000003024,0.00030000000000285354
2017-01-16 13:36:38,303668000,12.1,-118.3401,33.6408,-134.7,70.0,-0.004800000000003024,0.00039999999999906777
2017-01-16 13:37:47,303668000,12.1,-118.3446,33.6411,-136.0,69.0,-0.004499999999993065,0.00030000000000285354
2017-01-16 13:38:58,303668000,12.1,-118.3494,33.6413,-137.0,71.0,-0.004800000000003024,0.00019999999999953388
2017-01-10 03:18:31,366341000,9.9,-118.2485,33.6996,182.4,0,0,0
2017-01-10 03:19:32,366341000,9.8,-118.2487,33.6968,180.4,61.0,-0.00019999999999242846,-0.0027999999999934744
2017-01-10 03:20:41,366341000,9.6,-118.2487,33.6937,180.9,69.0,0.0,-0.0031000000000034333
2017-01-10 03:21:51,366341000,9.1,-118.2487,33.6907,182.4,70.0,0.0,-0.0030000000000001137
2017-01-10 03:23:02,366341000,8.6,-118.2498,33.688,199.5,71.0,-0.0010999999999938836,-0.00269999999999726
2017-01-10 03:24:11,366341000,8.8,-118.2514,33.6855,-201.1,69.0,-0.001600000000010482,-0.0025000000000048317
2017-01-10 03:25:20,366341000,9.1,-118.2532,33.683,-199.2,69.0,-0.0018000000000029104,-0.0024999999999977263
2017-01-10 03:26:30,366341000,9.2,-118.255,33.6804,-198.9,70.0,-0.0017999999999886995,-0.002600000000001046
2017-01-10 03:27:31,366341000,9.2,-118.2566,33.6782,-199.3,61.0,-0.001600000000010482,-0.002200000000001978
2017-01-10 03:28:41,366341000,9.1,-118.2583,33.6756,-199.7,70.0,-0.0016999999999995907,-0.0025999999999939405
2017-01-10 03:29:52,366341000,9.1,-118.2601,33.673,-199.5,71.0,-0.0017999999999886995,-0.002600000000001046
2017-01-10 03:31:01,366341000,9.0,-118.2618,33.6705,-200.2,69.0,-0.0016999999999995907,-0.0025000000000048317
2017-01-10 03:32:10,366341000,9.0,-118.2635,33.668,-200.1,69.0,-0.0016999999999995907,-0.0024999999999977263
2017-01-10 03:33:21,366341000,8.7,-118.2654,33.6655,-194.7,71.0,-0.00190000000000623,-0.0024999999999977263
2017-01-10 03:34:30,366341000,8.8,-118.2675,33.6634,-190.4,69.0,-0.0020999999999986585,-0.0020999999999986585
2017-01-10 03:35:40,366341000,8.9,-118.2697,33.6611,-190.5,70.0,-0.002200000000001978,-0.002300000000005298
2017-01-10 03:36:52,366341000,9.1,-118.272,33.6588,-190.4,72.0,-0.002300000000005298,-0.0022999999999981924
2017-01-10 03:38:01,366341000,9.1,-118.2742,33.6566,-190.4,69.0,-0.0021999999999877673,-0.002200000000001978
2017-01-10 03:39:10,366341000,9.1,-118.2764,33.6543,-190.0,69.0,-0.002200000000001978,-0.0022999999999981924
2017-01-10 03:40:11,366341000,9.2,-118.2784,33.6523,-192.0,61.0,-0.0020000000000095497,-0.0020000000000024443
2017-01-10 03:41:20,366341000,9.1,-118.2803,33.6499,-194.3,69.0,-0.0018999999999920192,-0.0023999999999944066
2017-01-10 03:42:31,366341000,9.1,-118.2825,33.6474,-193.7,71.0,-0.002200000000001978,-0.0025000000000048317
2017-01-10 03:43:32,366341000,9.1,-118.2843,33.6453,-193.6,61.0,-0.0018000000000029104,-0.0020999999999986585
2017-01-10 03:44:42,366341000,9.2,-118.2863,33.643,-193.7,70.0,-0.001999999999995339,-0.0022999999999981924
2017-01-10 03:45:50,366341000,9.1,-118.2884,33.6406,-193.9,68.0,-0.0020999999999986585,-0.002400000000001512
2017-01-10 03:47:01,366341000,9.0,-118.2905,33.6381,-193.6,71.0,-0.0020999999999986585,-0.0024999999999977263
2017-01-10 03:48:10,366341000,8.4,-118.2929,33.6364,-178.7,69.0,-0.0024000000000086175,-0.0016999999999995907
2017-01-10 03:49:21,366341000,7.9,-118.2959,33.6356,-155.8,71.0,-0.0030000000000001137,-0.000800000000005241
2017-01-10 03:50:30,366341000,8.1,-118.2989,33.6357,-136.9,69.0,-0.0030000000000001137,0.00010000000000331966
2017-01-10 03:51:41,366341000,8.7,-118.3023,33.6359,-136.6,71.0,-0.0033999999999991815,0.00019999999999953388
2017-01-10 03:52:51,366341000,9.0,-118.3059,33.6361,-135.7,70.0,-0.00359999999999161,0.00019999999999953388
2017-01-10 03:54:11,366341000,9.2,-118.31,33.6363,-135.6,80.0,-0.004100000000008208,0.00019999999999953388
2017-01-10 03:55:21,366341000,9.3,-118.3136,33.6366,-135.1,70.0,-0.00359999999999161,0.00030000000000285354
2017-01-10 03:56:31,366341000,9.4,-118.3173,33.6368,-135.3,70.0,-0.0037000000000091404,0.00019999999999953388
2017-01-10 03:57:41,366341000,9.4,-118.3208,33.637,-135.3,70.0,-0.003500000000002501,0.00019999999999953388
2017-01-10 03:58:50,366341000,9.4,-118.3244,33.6373,-135.5,69.0,-0.00359999999999161,0.00030000000000285354
2017-01-10 04:00:11,366341000,9.4,-118.3286,33.6375,-135.2,81.0,-0.004199999999997317,0.00019999999999953388
2017-01-10 04:01:21,366341000,9.4,-118.3323,33.6377,-135.6,70.0,-0.0037000000000091404,0.00019999999999953388
2017-01-10 04:02:31,366341000,9.3,-118.3359,33.638,-135.1,70.0,-0.00359999999999161,0.0002999999999957481
2017-01-10 04:03:41,366341000,9.3,-118.3395,33.6382,-135.3,70.0,-0.0036000000000058208,0.00019999999999953388
2017-01-10 04:04:50,366341000,9.4,-118.3431,33.6384,-135.0,69.0,-0.0036000000000058208,0.00019999999999953388
2017-01-10 04:06:02,366341000,9.4,-118.3468,33.6387,-135.4,72.0,-0.0036999999999949296,0.00030000000000285354
2017-01-10 17:17:27,369567000,9.5,-118.2506,33.6989,192.8,0,0,0
2017-01-10 17:18:29,369567000,9.8,-118.2514,33.6962,193.2,62.0,-0.0007999999999981355,-0.0027000000000043656
2017-01-10 17:19:37,369567000,10.5,-118.2522,33.693,192.4,68.0,-0.0007999999999981355,-0.0031999999999996476
2017-01-10 17:20:38,369567000,10.9,-118.253,33.6901,192.3,61.0,-0.0007999999999981355,-0.002899999999996794
2017-01-10 17:21:47,369567000,10.9,-118.2539,33.6866,192.7,69.0,-0.0009000000000014552,-0.003500000000002501
2017-01-10 17:22:58,369567000,10.8,-118.2549,33.6831,198.4,71.0,-0.0010000000000047748,-0.0034999999999953957
2017-01-10 17:23:59,369567000,10.9,-118.2564,33.6803,-202.3,61.0,-0.0014999999999929514,-0.00280000000000058
2017-01-10 17:25:08,369567000,10.9,-118.2584,33.6773,-201.2,69.0,-0.001999999999995339,-0.0030000000000001137
2017-01-10 17:26:19,369567000,10.9,-118.2606,33.6743,-193.4,71.0,-0.002200000000001978,-0.0030000000000001137
2017-01-10 17:27:29,369567000,10.9,-118.2633,33.6715,-192.3,70.0,-0.0027000000000043656,-0.00280000000000058
2017-01-10 17:28:38,369567000,10.9,-118.2657,33.6686,-195.9,69.0,-0.0023999999999944066,-0.0029000000000038995
2017-01-10 17:29:47,369567000,11.0,-118.2681,33.6657,-195.6,69.0,-0.0024000000000086175,-0.002899999999996794
2017-01-10 17:30:58,369567000,11.1,-118.2705,33.6627,-194.8,71.0,-0.0023999999999944066,-0.0030000000000001137
2017-01-10 17:32:08,369567000,11.1,-118.2729,33.6598,-195.1,70.0,-0.0024000000000086175,-0.0029000000000038995
2017-01-10 17:33:17,369567000,11.1,-118.2753,33.6568,-195.6,69.0,-0.0023999999999944066,-0.0030000000000001137
2017-01-10 17:34:29,369567000,11.1,-118.2779,33.6538,-195.6,72.0,-0.002600000000001046,-0.0030000000000001137
2017-01-10 17:35:37,369567000,11.0,-118.2803,33.6509,-195.2,68.0,-0.0023999999999944066,-0.002899999999996794
2017-01-10 17:36:47,369567000,11.0,-118.2827,33.6479,-196.8,70.0,-0.0024000000000086175,-0.0030000000000001137
2017-01-10 17:37:57,369567000,11.0,-118.285,33.6449,-196.0,70.0,-0.002299999999991087,-0.0030000000000001137
2017-01-10 17:39:09,369567000,10.9,-118.2875,33.6419,-194.9,72.0,-0.0024999999999977263,-0.0030000000000001137
2017-01-10 17:40:17,369567000,10.9,-118.2898,33.639,-197.7,68.0,-0.002300000000005298,-0.002899999999996794
2017-01-10 17:41:26,369567000,10.4,-118.2925,33.6365,-180.1,69.0,-0.0027000000000043656,-0.0025000000000048317
2017-01-10 17:42:27,369567000,9.7,-118.2956,33.6353,-152.2,61.0,-0.0030999999999892225,-0.0011999999999972033
2017-01-10 17:43:28,369567000,10.0,-118.2988,33.6353,-135.8,61.0,-0.003200000000006753,0.0
2017-01-10 17:44:38,369567000,10.6,-118.3029,33.6355,-136.2,70.0,-0.004099999999993997,0.00019999999999953388
2017-01-10 17:45:48,369567000,10.9,-118.3071,33.6356,-137.8,70.0,-0.004200000000011528,9.999999999621423e-05
2017-01-10 17:46:59,369567000,11.1,-118.3114,33.6358,-137.7,71.0,-0.004300000000000637,0.0002000000000066393
2017-01-10 17:48:08,369567000,11.0,-118.3157,33.6359,-137.5,69.0,-0.004300000000000637,9.999999999621423e-05
2017-01-10 17:49:19,369567000,11.1,-118.32,33.636,-137.1,71.0,-0.004299999999986426,0.00010000000000331966
2017-01-10 17:50:28,369567000,11.1,-118.3242,33.6362,-137.1,69.0,-0.004200000000011528,0.00019999999999953388
2017-01-10 17:51:38,369567000,11.2,-118.3286,33.6363,-137.1,70.0,-0.0043999999999897454,9.999999999621423e-05
2017-01-10 17:52:49,369567000,11.2,-118.333,33.6365,-136.8,71.0,-0.004400000000003956,0.00019999999999953388
2017-01-10 17:53:58,369567000,11.2,-118.3373,33.6367,-136.9,69.0,-0.004300000000000637,0.00019999999999953388
2017-01-10 17:55:07,369567000,11.2,-118.3417,33.6369,-136.5,69.0,-0.004400000000003956,0.00019999999999953388
2017-01-10 17:56:18,369567000,11.2,-118.346,33.6371,-136.8,71.0,-0.004300000000000637,0.00019999999999953388
2017-01-08 02:32:45,371862000,8.7,-118.2491,33.7,184.0,0,0,0
2017-01-08 02:33:54,371862000,8.4,-118.2494,33.6971,184.0,69.0,-0.0002999999999957481,-0.0029000000000038995
2017-01-08 02:35:04,371862000,8.1,-118.2497,33.6945,184.0,70.0,-0.00030000000000995897,-0.002600000000001046
2017-01-08 02:36:15,371862000,7.9,-118.2499,33.6918,184.0,71.0,-0.00019999999999242846,-0.00269999999999726
2017-01-08 02:37:16,371862000,8.6,-118.2501,33.6895,184.0,61.0,-0.0002000000000066393,-0.0022999999999981924
2017-01-08 02:38:26,371862000,9.5,-118.2504,33.6866,184.0,70.0,-0.0002999999999957481,-0.0029000000000038995
2017-01-08 02:39:35,371862000,10.0,-118.2507,33.6835,184.0,69.0,-0.0002999999999957481,-0.003099999999996328
2017-01-08 02:40:45,371862000,10.3,-118.251,33.6801,184.0,70.0,-0.00030000000000995897,-0.0033999999999991815
2017-01-08 02:41:56,371862000,10.4,-118.2513,33.6766,183.0,71.0,-0.0002999999999957481,-0.003500000000002501
2017-01-08 02:43:04,371862000,10.5,-118.2518,33.6733,188.0,68.0,-0.0005000000000023874,-0.0033000000000029672
2017-01-08 02:44:16,371862000,10.5,-118.2527,33.6699,196.0,72.0,-0.0009000000000014552,-0.0033999999999991815
2017-01-08 02:45:24,371862000,10.5,-118.2542,33.6668,202.0,68.0,-0.0014999999999929514,-0.003099999999996328
2017-01-08 02:46:25,371862000,10.6,-118.2556,33.6641,203.0,61.0,-0.0014000000000038426,-0.0027000000000043656
2017-01-08 02:47:35,371862000,10.6,-118.2573,33.6609,203.0,70.0,-0.0016999999999995907,-0.0031999999999996476
2017-01-08 02:48:44,371862000,10.5,-118.2589,33.6579,203.0,69.0,-0.001599999999996271,-0.0030000000000001137
2017-01-08 02:49:54,371862000,10.6,-118.2606,33.6547,203.0,70.0,-0.0016999999999995907,-0.0031999999999996476
2017-01-08 02:51:04,371862000,10.6,-118.2622,33.6516,203.0,70.0,-0.001600000000010482,-0.003099999999996328
2017-01-08 02:52:15,371862000,10.5,-118.2639,33.6483,204.0,71.0,-0.0016999999999995907,-0.0033000000000029672
2017-01-08 02:53:24,371862000,10.5,-118.2659,33.6455,-194.6,69.0,-0.001999999999995339,-0.00280000000000058
2017-01-08 02:54:34,371862000,10.4,-118.2686,33.643,-182.6,70.0,-0.0027000000000043656,-0.0024999999999977263
2017-01-08 02:55:44,371862000,10.3,-118.2721,33.6412,-167.6,70.0,-0.0034999999999882903,-0.0018000000000029104
2017-01-08 02:56:56,371862000,10.4,-118.276,33.64,-155.6,72.0,-0.003900000000001569,-0.0011999999999972033
2017-01-08 02:58:06,371862000,10.5,-118.2799,33.6396,-144.6,70.0,-0.003900000000001569,-0.00039999999999906777
2017-01-08 02:59:15,371862000,10.6,-118.284,33.6395,-141.6,69.0,-0.004100000000008208,-0.00010000000000331966
2017-01-08 03:00:24,371862000,10.7,-118.2882,33.6394,-141.6,69.0,-0.004199999999997317,-9.999999999621423e-05
2017-01-08 03:01:34,371862000,10.7,-118.2923,33.6393,-141.6,70.0,-0.004099999999993997,-0.00010000000000331966
2017-01-08 03:02:45,371862000,10.8,-118.2967,33.6393,-140.6,71.0,-0.004400000000003956,0.0
2017-01-08 03:03:56,371862000,10.8,-118.3009,33.6392,-140.6,71.0,-0.004199999999997317,-9.999999999621423e-05
2017-01-08 03:05:05,371862000,10.8,-118.305,33.6392,-140.6,69.0,-0.004100000000008208,0.0
2017-01-08 03:06:14,371862000,10.8,-118.3093,33.6392,-140.6,69.0,-0.004299999999986426,0.0
2017-01-08 03:07:26,371862000,10.8,-118.3135,33.6392,-140.6,72.0,-0.004200000000011528,0.0
2017-01-08 03:08:34,371862000,10.9,-118.3176,33.6392,-140.6,68.0,-0.004099999999993997,0.0
2017-01-08 03:09:45,371862000,10.8,-118.322,33.6392,-140.6,71.0,-0.004400000000003956,0.0
2017-01-08 03:10:56,371862000,10.9,-118.3264,33.6392,-140.6,71.0,-0.004400000000003956,0.0
2017-01-08 03:12:04,371862000,10.9,-118.3305,33.6392,-139.6,68.0,-0.004099999999993997,0.0
2017-01-08 03:13:15,371862000,10.8,-118.3348,33.6392,-139.6,71.0,-0.004300000000000637,0.0
2017-01-08 03:14:26,371862000,10.8,-118.3389,33.6392,-137.6,71.0,-0.004099999999993997,0.0
2017-01-08 03:15:36,371862000,10.7,-118.3432,33.6398,-126.6,70.0,-0.004300000000000637,0.0005999999999986017
2017-01-08 03:16:45,371862000,10.7,-118.347,33.6409,-119.6,69.0,-0.0037999999999982492,0.001100000000000989
2017-01-14 15:11:31,477830800,7.5,-118.2497,33.6985,185.2,0,0,0
2017-01-14 15:12:40,477830800,8.2,-118.25,33.696,185.4,69.0,-0.0002999999999957481,-0.0025000000000048317
2017-01-14 15:13:50,477830800,8.9,-118.2503,33.6932,185.1,70.0,-0.0002999999999957481,-0.00280000000000058
2017-01-14 15:15:00,477830800,9.3,-118.2506,33.6902,186.0,70.0,-0.00030000000000995897,-0.0030000000000001137
2017-01-14 15:16:09,477830800,9.5,-118.251,33.6872,185.4,69.0,-0.00039999999999906777,-0.0030000000000001137
2017-01-14 15:17:20,477830800,9.6,-118.2514,33.6841,185.3,71.0,-0.00039999999999906777,-0.003099999999996328
2017-01-14 15:18:31,477830800,9.8,-118.2518,33.6808,185.8,71.0,-0.00039999999999906777,-0.0033000000000029672
2017-01-14 15:19:41,477830800,9.9,-118.2522,33.6776,185.2,70.0,-0.00039999999999906777,-0.0031999999999996476
2017-01-14 15:20:50,477830800,10.1,-118.2526,33.6745,187.0,69.0,-0.00039999999999906777,-0.003099999999996328
2017-01-14 15:21:59,477830800,10.3,-118.253,33.6712,185.6,69.0,-0.00039999999999906777,-0.0033000000000029672
2017-01-14 15:23:10,477830800,10.4,-118.2534,33.6677,186.0,71.0,-0.00039999999999906777,-0.0034999999999953957
2017-01-14 15:24:19,477830800,10.6,-118.2539,33.6644,191.2,69.0,-0.0005000000000023874,-0.0033000000000029672
2017-01-14 15:25:30,477830800,10.5,-118.2549,33.661,195.5,71.0,-0.0010000000000047748,-0.0033999999999991815
2017-01-14 15:26:40,477830800,10.5,-118.2561,33.6577,195.9,70.0,-0.0011999999999972033,-0.0033000000000029672
2017-01-14 15:27:41,477830800,10.6,-118.257,33.6548,195.4,61.0,-0.0009000000000014552,-0.002899999999996794
2017-01-14 15:28:50,477830800,10.9,-118.2581,33.6515,194.0,69.0,-0.0010999999999938836,-0.0033000000000029672
2017-01-14 15:29:59,477830800,11.0,-118.2596,33.6482,-202.7,69.0,-0.0015000000000071623,-0.003299999999995862
2017-01-14 15:31:09,477830800,11.2,-118.2618,33.6451,-197.2,70.0,-0.0021999999999877673,-0.0031000000000034333
2017-01-14 15:32:10,477830800,11.4,-118.2638,33.6424,-198.0,61.0,-0.0020000000000095497,-0.00269999999999726
2017-01-14 15:33:11,477830800,11.6,-118.266,33.6397,-195.9,61.0,-0.002200000000001978,-0.0027000000000043656
2017-01-14 15:34:20,477830800,11.6,-118.269,33.637,-179.3,69.0,-0.0030000000000001137,-0.00269999999999726
2017-01-14 15:35:24,477830800,11.1,-118.2726,33.6354,-154.8,64.0,-0.00359999999999161,-0.0016000000000033765
2017-01-14 15:36:30,477830800,11.5,-118.2767,33.6351,-142.2,66.0,-0.004100000000008208,-0.0002999999999957481
2017-01-14 15:37:40,477830800,11.8,-118.2812,33.6353,-133.4,70.0,-0.004499999999993065,0.00019999999999953388
2017-01-14 15:38:49,477830800,12.0,-118.2857,33.6358,-131.3,69.0,-0.004500000000007276,0.0005000000000023874
2017-01-14 15:40:00,477830800,11.8,-118.2904,33.6363,-132.9,71.0,-0.004699999999999704,0.000499999999995282
2017-01-14 15:41:09,477830800,11.6,-118.2948,33.6365,-137.9,69.0,-0.0043999999999897454,0.00019999999999953388
2017-01-14 15:42:19,477830800,11.7,-118.2994,33.6366,-139.3,70.0,-0.004600000000010596,0.00010000000000331966
2017-01-14 15:43:29,477830800,11.8,-118.304,33.6367,-138.6,70.0,-0.004599999999996385,9.999999999621423e-05
2017-01-14 15:44:40,477830800,11.9,-118.3086,33.6367,-138.4,71.0,-0.004599999999996385,0.0
2017-01-14 15:45:50,477830800,11.9,-118.3132,33.6368,-139.1,70.0,-0.004599999999996385,0.00010000000000331966
2017-01-14 15:47:00,477830800,11.8,-118.3179,33.6368,-139.1,70.0,-0.004699999999999704,0.0
2017-01-14 15:48:01,477830800,11.8,-118.3218,33.6368,-138.9,61.0,-0.003900000000001569,0.0
2017-01-14 15:49:09,477830800,11.8,-118.3263,33.6368,-139.3,68.0,-0.004500000000007276,0.0
2017-01-14 15:50:19,477830800,11.8,-118.3309,33.637,-133.1,70.0,-0.004599999999996385,0.00019999999999953388
2017-01-14 15:51:29,477830800,11.8,-118.3354,33.6377,-127.3,70.0,-0.004500000000007276,0.0007000000000019213
2017-01-14 15:52:30,477830800,11.8,-118.3392,33.6384,-127.2,61.0,-0.0037999999999982492,0.0006999999999948159
2017-01-14 15:53:39,477830800,11.7,-118.3436,33.6392,-128.0,69.0,-0.0043999999999897454,0.000800000000005241
2017-01-14 15:54:50,477830800,11.7,-118.3482,33.64,-127.1,71.0,-0.004600000000010596,0.0007999999999981355
2017-01-19 13:00:01,566956000,7.8,-118.2433,33.6988,147.6,0,0,0
2017-01-19 13:01:05,566956000,7.6,-118.2419,33.6969,150.6,64.0,0.0014000000000038426,-0.0018999999999991246
2017-01-19 13:02:08,566956000,7.6,-118.2403,33.695,134.3,63.0,0.001599999999996271,-0.0018999999999991246
2017-01-19 13:03:11,566956000,7.0,-118.2381,33.694,109.8,63.0,0.002200000000001978,-0.0009999999999976694
2017-01-19 13:04:14,566956000,8.0,-118.2356,33.6934,106.4,63.0,0.0024999999999977263,-0.0006000000000057071
2017-01-19 13:05:17,566956000,8.3,-118.2332,33.6922,135.1,63.0,0.0024000000000086175,-0.0011999999999972033
2017-01-19 13:06:21,566956000,9.3,-118.2312,33.6902,145.7,64.0,0.001999999999995339,-0.0020000000000024443
2017-01-19 13:07:25,566956000,8.8,-118.2302,33.6876,172.1,64.0,0.0010000000000047748,-0.0025999999999939405
2017-01-19 13:08:27,566956000,8.7,-118.2301,33.685,183.6,62.0,0.00010000000000331966,-0.002600000000001046
2017-01-19 13:09:28,566956000,8.4,-118.2307,33.6827,204.2,61.0,-0.0006000000000057071,-0.002300000000005298
2017-01-19 13:10:39,566956000,8.0,-118.2326,33.6805,-189.8,71.0,-0.00190000000000623,-0.0021999999999948727
2017-01-19 13:11:47,566956000,8.7,-118.2347,33.6786,-186.5,68.0,-0.0020999999999986585,-0.0018999999999991246
2017-01-19 13:12:58,566956000,9.1,-118.237,33.6764,-186.0,71.0,-0.002299999999991087,-0.002200000000001978
2017-01-19 13:14:08,566956000,9.3,-118.2398,33.6744,-179.9,70.0,-0.0028000000000076852,-0.0020000000000024443
2017-01-19 13:15:18,566956000,9.5,-118.2425,33.6724,-180.5,70.0,-0.0027000000000043656,-0.001999999999995339
2017-01-19 13:16:28,566956000,9.8,-118.2454,33.6703,-180.5,70.0,-0.002899999999996794,-0.002100000000005764
2017-01-19 13:17:38,566956000,10.0,-118.2482,33.6682,-180.8,70.0,-0.0027999999999934744,-0.0020999999999986585
2017-01-19 13:18:48,566956000,10.1,-118.2512,33.666,-181.9,70.0,-0.0030000000000001137,-0.002200000000001978
2017-01-19 13:19:58,566956000,10.1,-118.2541,33.6638,-182.0,70.0,-0.002899999999996794,-0.0021999999999948727
2017-01-19 13:20:59,566956000,10.2,-118.2566,33.6618,-181.4,61.0,-0.002500000000011937,-0.0020000000000024443
2017-01-19 13:22:08,566956000,10.3,-118.2596,33.6596,-178.9,69.0,-0.0030000000000001137,-0.002200000000001978
2017-01-19 13:23:18,566956000,10.4,-118.2628,33.6576,-177.4,70.0,-0.003199999999992542,-0.001999999999995339
2017-01-19 13:24:39,566956000,10.5,-118.2665,33.6551,-177.2,81.0,-0.0036999999999949296,-0.0025000000000048317
2017-01-19 13:25:48,566956000,10.3,-118.2698,33.6531,-176.1,69.0,-0.0033000000000100727,-0.001999999999995339
2017-01-19 13:26:59,566956000,10.5,-118.273,33.6511,-176.1,71.0,-0.003199999999992542,-0.0020000000000024443
2017-01-19 13:28:08,566956000,10.6,-118.2763,33.6491,-176.0,69.0,-0.0033000000000100727,-0.0020000000000024443
2017-01-19 13:29:18,566956000,10.4,-118.2797,33.6471,-171.5,70.0,-0.0033999999999991815,-0.001999999999995339
2017-01-19 13:30:29,566956000,10.5,-118.2831,33.6453,-170.9,71.0,-0.0033999999999991815,-0.0018000000000029104
2017-01-19 13:31:39,566956000,10.6,-118.2867,33.6436,-165.6,70.0,-0.00359999999999161,-0.0016999999999995907
2017-01-19 13:32:47,566956000,10.5,-118.2903,33.6423,-161.1,68.0,-0.0036000000000058208,-0.001300000000000523
2017-01-19 13:33:48,566956000,10.5,-118.2937,33.6412,-158.4,61.0,-0.0033999999999991815,-0.001100000000000989
2017-01-19 13:34:58,566956000,10.5,-118.2977,33.6403,-151.5,70.0,-0.0040000000000048885,-0.0008999999999943498
2017-01-19 13:36:07,566956000,10.6,-118.3016,33.6397,-150.0,69.0,-0.003899999999987358,-0.0006000000000057071
2017-01-19 13:37:08,566956000,10.5,-118.3051,33.6392,-148.9,61.0,-0.003500000000002501,-0.000499999999995282
2017-01-19 13:38:19,566956000,10.4,-118.3092,33.6386,-150.2,71.0,-0.004100000000008208,-0.0006000000000057071
2017-01-19 13:39:27,566956000,10.6,-118.3131,33.6381,-146.9,68.0,-0.003900000000001569,-0.000499999999995282
2017-01-19 13:40:37,566956000,10.5,-118.3172,33.6378,-144.2,70.0,-0.004099999999993997,-0.00030000000000285354
2017-01-19 13:41:47,566956000,10.5,-118.3212,33.6376,-143.2,70.0,-0.0040000000000048885,-0.00019999999999953388
2017-01-19 13:42:59,566956000,10.5,-118.3254,33.6374,-141.4,72.0,-0.004199999999997317,-0.00019999999999953388
2017-01-19 13:44:07,566956000,10.7,-118.3295,33.6374,-138.5,68.0,-0.004099999999993997,0.0
2017-01-19 13:45:18,566956000,10.6,-118.3336,33.6375,-137.6,71.0,-0.004100000000008208,0.00010000000000331966
2017-01-19 13:46:28,566956000,10.5,-118.3377,33.6377,-137.5,70.0,-0.004099999999993997,0.00019999999999953388
2017-01-19 13:47:37,566956000,10.6,-118.3419,33.6378,-136.2,69.0,-0.004199999999997317,9.999999999621423e-05
2017-01-19 13:48:38,566956000,10.6,-118.3454,33.638,-136.0,61.0,-0.003500000000002501,0.00019999999999953388
2017-01-19 13:49:48,566956000,10.6,-118.3495,33.6383,-131.6,70.0,-0.004100000000008208,0.00030000000000285354
2017-01-20 13:06:59,354918000,9.4,-118.2474,33.6996,195.5,0,0,0
2017-01-20 13:08:09,354918000,9.6,-118.2485,33.6966,198.2,70.0,-0.0011000000000080945,-0.0030000000000001137
2017-01-20 13:09:19,354918000,10.0,-118.2495,33.6936,194.9,70.0,-0.000999999999990564,-0.0029999999999930083
2017-01-20 13:10:29,354918000,10.0,-118.2506,33.6904,196.3,70.0,-0.0011000000000080945,-0.003200000000006753
2017-01-20 13:11:41,354918000,9.7,-118.2517,33.6873,196.9,72.0,-0.0010999999999938836,-0.003099999999996328
2017-01-20 13:12:50,354918000,9.7,-118.2527,33.6843,197.9,69.0,-0.0010000000000047748,-0.0030000000000001137
2017-01-20 13:13:59,354918000,9.6,-118.2538,33.6813,195.2,69.0,-0.0010999999999938836,-0.0030000000000001137
2017-01-20 13:15:10,354918000,9.7,-118.2548,33.6782,194.0,71.0,-0.0010000000000047748,-0.0031000000000034333
2017-01-20 13:16:11,354918000,9.6,-118.2557,33.6757,195.3,61.0,-0.0009000000000014552,-0.0024999999999977263
2017-01-20 13:17:20,354918000,9.3,-118.2566,33.6728,194.2,69.0,-0.0009000000000014552,-0.002899999999996794
2017-01-20 13:18:29,354918000,9.1,-118.2576,33.6699,197.0,69.0,-0.000999999999990564,-0.0029000000000038995
2017-01-20 13:19:40,354918000,9.1,-118.2587,33.6671,196.6,71.0,-0.0011000000000080945,-0.00280000000000058
2017-01-20 13:20:49,354918000,9.3,-118.2596,33.6642,196.6,69.0,-0.0009000000000014552,-0.002899999999996794
2017-01-20 13:22:00,354918000,9.0,-118.2612,33.6616,-198.2,71.0,-0.001599999999996271,-0.002600000000001046
2017-01-20 13:23:09,354918000,8.7,-118.2633,33.6594,-187.4,69.0,-0.0020999999999986585,-0.002200000000001978
2017-01-20 13:24:19,354918000,8.6,-118.2656,33.6573,-184.5,70.0,-0.002300000000005298,-0.0020999999999986585
2017-01-20 13:25:20,354918000,8.9,-118.2676,33.6555,-185.1,61.0,-0.001999999999995339,-0.001799999999995805
2017-01-20 13:26:30,354918000,9.0,-118.2702,33.6536,-181.7,70.0,-0.002600000000001046,-0.00190000000000623
2017-01-20 13:27:40,354918000,9.3,-118.2728,33.6515,-181.5,70.0,-0.002600000000001046,-0.0020999999999986585
2017-01-20 13:28:50,354918000,9.4,-118.2757,33.6496,-176.8,70.0,-0.002899999999996794,-0.0018999999999991246
2017-01-20 13:29:59,354918000,9.6,-118.2785,33.6478,-177.9,69.0,-0.0027999999999934744,-0.0018000000000029104
2017-01-20 13:31:09,354918000,9.6,-118.2815,33.6459,-178.0,70.0,-0.0030000000000001137,-0.0018999999999991246
2017-01-20 13:32:19,354918000,9.5,-118.2843,33.6439,-181.3,70.0,-0.0028000000000076852,-0.001999999999995339
2017-01-20 13:33:30,354918000,9.7,-118.287,33.6418,-183.6,71.0,-0.0027000000000043656,-0.0020999999999986585
2017-01-20 13:34:39,354918000,9.1,-118.2899,33.64,-167.2,69.0,-0.002899999999996794,-0.0018000000000029104
2017-01-20 13:35:51,354918000,9.1,-118.2932,33.6389,-154.9,72.0,-0.003299999999995862,-0.001100000000000989
2017-01-20 13:37:00,354918000,9.2,-118.2966,33.6383,-149.3,69.0,-0.0033999999999991815,-0.0005999999999986017
2017-01-20 13:38:09,354918000,9.3,-118.3002,33.638,-142.0,69.0,-0.0036000000000058208,-0.00030000000000285354
2017-01-20 13:39:20,354918000,9.0,-118.3037,33.638,-138.9,71.0,-0.003500000000002501,0.0
2017-01-20 13:40:29,354918000,9.2,-118.3073,33.638,-139.2,69.0,-0.00359999999999161,0.0
2017-01-20 13:41:30,354918000,9.2,-118.3104,33.638,-138.7,61.0,-0.0031000000000034333,0.0
2017-01-20 13:42:40,354918000,9.2,-118.314,33.638,-139.6,70.0,-0.00359999999999161,0.0
2017-01-20 13:43:50,354918000,10.0,-118.3177,33.6381,-138.9,70.0,-0.0037000000000091404,0.00010000000000331966
2017-01-20 13:44:59,354918000,10.7,-118.3217,33.6381,-138.2,69.0,-0.0040000000000048885,0.0
2017-01-20 13:46:09,354918000,11.1,-118.326,33.6382,-138.2,70.0,-0.004299999999986426,9.999999999621423e-05
2017-01-20 13:47:20,354918000,11.2,-118.3303,33.6383,-137.8,71.0,-0.004300000000000637,0.00010000000000331966
2017-01-20 13:48:29,354918000,11.4,-118.3347,33.6383,-138.2,69.0,-0.004400000000003956,0.0
2017-01-20 13:49:40,354918000,11.3,-118.3392,33.6384,-137.9,71.0,-0.004500000000007276,9.999999999621423e-05
2017-01-20 13:50:50,354918000,11.6,-118.3437,33.6386,-132.9,70.0,-0.004499999999993065,0.00019999999999953388
2017-01-20 13:51:59,354918000,11.5,-118.3478,33.6398,-111.6,69.0,-0.004100000000008208,0.0012000000000043087
2017-01-26 06:10:26,367766860,6.0,-118.2425,33.6972,164.4,0,0,0
2017-01-26 06:11:36,367766860,6.1,-118.2418,33.6953,165.3,70.0,0.0007000000000090267,-0.0018999999999991246
2017-01-26 06:12:56,367766860,6.2,-118.2416,33.693,169.4,80.0,0.00019999999999242846,-0.002300000000005298
2017-01-26 06:14:05,367766860,6.0,-118.2419,33.6912,198.5,69.0,-0.0002999999999957481,-0.001799999999995805
2017-01-26 06:15:15,367766860,5.9,-118.2428,33.6893,200.4,70.0,-0.0009000000000014552,-0.0018999999999991246
2017-01-26 06:16:26,367766860,6.3,-118.2439,33.6875,-190.1,71.0,-0.0010999999999938836,-0.0018000000000029104
2017-01-26 06:17:34,367766860,5.9,-118.2454,33.6861,-187.8,68.0,-0.0015000000000071623,-0.0013999999999967372
2017-01-26 06:18:35,367766860,6.5,-118.2469,33.6849,-177.5,61.0,-0.0014999999999929514,-0.0012000000000043087
2017-01-26 06:19:45,367766860,6.2,-118.2487,33.6837,-174.7,70.0,-0.0018000000000029104,-0.0011999999999972033
2017-01-26 06:20:54,367766860,6.9,-118.2505,33.6826,-180.2,69.0,-0.0018000000000029104,-0.001100000000000989
2017-01-26 06:22:05,367766860,5.8,-118.2524,33.6814,-180.0,71.0,-0.0018999999999920192,-0.0012000000000043087
2017-01-26 06:23:06,367766860,5.9,-118.254,33.6804,-168.7,61.0,-0.001600000000010482,-0.0009999999999976694
2017-01-26 06:24:15,367766860,5.7,-118.2559,33.6793,-174.3,69.0,-0.0018999999999920192,-0.001100000000000989
2017-01-26 06:25:25,367766860,5.0,-118.2578,33.6782,-178.2,70.0,-0.00190000000000623,-0.001100000000000989
2017-01-26 06:26:35,367766860,6.6,-118.2598,33.6772,-168.5,70.0,-0.001999999999995339,-0.0009999999999976694
2017-01-26 06:27:44,367766860,6.1,-118.2618,33.6763,-169.8,69.0,-0.001999999999995339,-0.0009000000000014552
2017-01-26 06:28:45,367766860,5.6,-118.2635,33.6754,-172.4,61.0,-0.0016999999999995907,-0.0008999999999943498
2017-01-26 06:29:54,367766860,6.6,-118.2655,33.6745,-167.0,69.0,-0.0020000000000095497,-0.0009000000000014552
2017-01-26 06:31:05,367766860,5.2,-118.2676,33.6735,-168.0,71.0,-0.0020999999999986585,-0.0010000000000047748
2017-01-26 06:32:16,367766860,6.4,-118.2697,33.6725,-169.6,71.0,-0.0020999999999986585,-0.0009999999999976694
2017-01-26 06:33:26,367766860,6.1,-118.2717,33.6716,-171.7,70.0,-0.001999999999995339,-0.0009000000000014552
2017-01-26 06:34:35,367766860,6.6,-118.2738,33.6707,-166.4,69.0,-0.0020999999999986585,-0.0009000000000014552
2017-01-26 06:35:46,367766860,5.8,-118.2759,33.6697,-166.0,71.0,-0.0020999999999986585,-0.0009999999999976694
2017-01-26 06:36:56,367766860,6.3,-118.278,33.6688,-171.7,70.0,-0.0021000000000128694,-0.0009000000000014552
2017-01-26 06:38:06,367766860,6.5,-118.2801,33.6678,-166.5,70.0,-0.0020999999999986585,-0.0009999999999976694
2017-01-26 06:39:16,367766860,6.1,-118.2822,33.6669,-164.2,70.0,-0.0020999999999986585,-0.0009000000000014552
2017-01-26 06:40:25,367766860,6.2,-118.2842,33.666,-172.3,69.0,-0.001999999999995339,-0.0009000000000014552
2017-01-26 06:41:34,367766860,6.7,-118.2863,33.665,-166.8,69.0,-0.0020999999999986585,-0.0009999999999976694
2017-01-26 06:42:45,367766860,6.3,-118.2884,33.6641,-166.4,71.0,-0.0020999999999986585,-0.0009000000000014552
2017-01-26 06:43:55,367766860,6.1,-118.2905,33.6632,-166.1,70.0,-0.0020999999999986585,-0.0008999999999943498
2017-01-26 06:45:05,367766860,6.4,-118.2926,33.6623,-165.8,70.0,-0.0020999999999986585,-0.0009000000000014552
2017-01-26 06:46:15,367766860,5.4,-118.2945,33.6614,-177.0,70.0,-0.00190000000000623,-0.0009000000000014552
2017-01-26 06:47:25,367766860,4.7,-118.2962,33.6606,-164.4,70.0,-0.0016999999999995907,-0.0007999999999981355
2017-01-26 06:48:35,367766860,4.7,-118.2977,33.66,-160.6,70.0,-0.0015000000000071623,-0.0006000000000057071
2017-01-26 06:49:45,367766860,4.3,-118.2994,33.6594,-165.9,70.0,-0.0016999999999995907,-0.0005999999999986017
2017-01-26 06:50:46,367766860,4.1,-118.3007,33.6589,-169.9,61.0,-0.001300000000000523,-0.000499999999995282
2017-01-26 06:51:55,367766860,4.4,-118.3022,33.6583,-154.7,69.0,-0.0014999999999929514,-0.0006000000000057071
2017-01-26 06:52:56,367766860,4.4,-118.3035,33.6577,-160.4,61.0,-0.001300000000000523,-0.0005999999999986017
2017-01-26 06:54:05,367766860,4.7,-118.305,33.657,-169.5,69.0,-0.0015000000000071623,-0.0007000000000019213
2017-01-26 06:55:14,367766860,5.0,-118.3066,33.6562,-161.1,69.0,-0.001599999999996271,-0.0007999999999981355
2017-01-26 06:56:26,367766860,5.3,-118.3084,33.6555,-169.0,72.0,-0.0018000000000029104,-0.0006999999999948159
2017-01-26 06:57:36,367766860,5.3,-118.3103,33.6546,-172.9,70.0,-0.0018999999999920192,-0.0009000000000014552
2017-01-26 06:58:45,367766860,5.2,-118.3122,33.6538,-164.3,69.0,-0.00190000000000623,-0.000800000000005241
2017-01-26 06:59:56,367766860,6.6,-118.3143,33.6529,-168.7,71.0,-0.0020999999999986585,-0.0008999999999943498
2017-01-26 07:01:06,367766860,6.3,-118.3163,33.652,-164.8,70.0,-0.001999999999995339,-0.0009000000000014552
2017-01-26 07:02:16,367766860,6.1,-118.3185,33.651,-166.8,70.0,-0.002200000000001978,-0.0009999999999976694
2017-01-26 07:03:26,367766860,6.4,-118.3207,33.6501,-159.1,70.0,-0.002200000000001978,-0.0009000000000014552
2017-01-26 07:04:35,367766860,6.2,-118.3229,33.6491,-162.4,69.0,-0.002200000000001978,-0.0010000000000047748
2017-01-26 07:05:36,367766860,6.4,-118.3248,33.6484,-164.1,61.0,-0.0018999999999920192,-0.0006999999999948159
2017-01-26 07:06:45,367766860,6.8,-118.3271,33.6475,-167.2,69.0,-0.002300000000005298,-0.0009000000000014552
2017-01-26 07:07:55,367766860,6.5,-118.3294,33.6465,-164.1,70.0,-0.002300000000005298,-0.0009999999999976694
2017-01-26 07:09:05,367766860,7.2,-118.3317,33.6456,-164.6,70.0,-0.002299999999991087,-0.0009000000000014552
2017-01-26 07:10:15,367766860,6.5,-118.3341,33.6446,-173.0,70.0,-0.0024000000000086175,-0.0010000000000047748
2017-01-26 07:11:25,367766860,6.9,-118.3364,33.6436,-164.4,70.0,-0.002299999999991087,-0.0009999999999976694
2017-01-26 07:12:35,367766860,6.7,-118.3388,33.6427,-163.5,70.0,-0.0024000000000086175,-0.0009000000000014552
2017-01-26 07:13:45,367766860,7.4,-118.3411,33.6417,-160.6,70.0,-0.002299999999991087,-0.0009999999999976694
2017-01-26 07:15:05,367766860,6.8,-118.3438,33.6406,-171.2,80.0,-0.0027000000000043656,-0.001100000000000989
2017-01-26 07:16:15,367766860,6.8,-118.3461,33.6397,-171.5,70.0,-0.002300000000005298,-0.0009000000000014552
2017-01-26 07:17:26,367766860,6.7,-118.3484,33.6387,-165.0,71.0,-0.002299999999991087,-0.0009999999999976694
